pedido_id,protocolo,data_solicitacao,status,motivo,data_encerramento
4001,DEV-2024-000001,2024-02-28T15:00:00+00,CONCLUIDA,ARREPENDIMENTO,2024-03-01T15:00:00+00
4002,DEV-2024-000002,2024-03-17T15:00:00+00,CONCLUIDA,AVARIA,2024-03-19T15:00:00+00
4003,DEV-2024-000003,2024-05-04T15:00:00+00,CONCLUIDA,ITEM_INCORRETO,2024-05-06T15:00:00+00
4004,DEV-2024-000004,2024-05-23T15:00:00+00,CONCLUIDA,ATRASO,2024-05-25T15:00:00+00
4005,DEV-2024-000005,2024-06-12T15:00:00+00,CONCLUIDA,OUTRO,2024-06-14T15:00:00+00
4006,DEV-2024-000006,2024-07-29T15:00:00+00,CONCLUIDA,ARREPENDIMENTO,2024-07-31T15:00:00+00
4007,DEV-2024-000007,2024-08-18T15:00:00+00,CONCLUIDA,AVARIA,2024-08-20T15:00:00+00
4008,DEV-2024-000008,2024-10-05T15:00:00+00,CONCLUIDA,ITEM_INCORRETO,2024-10-07T15:00:00+00
4009,DEV-2024-000009,2024-10-24T15:00:00+00,CONCLUIDA,ATRASO,2024-10-26T15:00:00+00
4010,DEV-2024-000010,2024-11-13T15:00:00+00,CONCLUIDA,OUTRO,2024-11-15T15:00:00+00
4011,DEV-2024-000011,2024-11-30T15:00:00+00,CONCLUIDA,ARREPENDIMENTO,2024-12-02T15:00:00+00
4012,DEV-2024-000012,2024-12-19T15:00:00+00,CONCLUIDA,AVARIA,2024-12-21T15:00:00+00
4013,DEV-2024-000013,2024-02-05T15:00:00+00,CONCLUIDA,ITEM_INCORRETO,2024-02-07T15:00:00+00
4014,DEV-2024-000014,2024-02-25T15:00:00+00,CONCLUIDA,ATRASO,2024-02-27T15:00:00+00
4015,DEV-2024-000015,2024-03-14T15:00:00+00,CONCLUIDA,OUTRO,2024-03-16T15:00:00+00
4016,DEV-2024-000016,2024-05-01T15:00:00+00,CONCLUIDA,ARREPENDIMENTO,2024-05-03T15:00:00+00
4017,DEV-2024-000017,2024-05-20T15:00:00+00,CONCLUIDA,AVARIA,2024-05-22T15:00:00+00
4018,DEV-2024-000018,2024-07-07T15:00:00+00,CONCLUIDA,ITEM_INCORRETO,2024-07-09T15:00:00+00
4019,DEV-2024-000019,2024-07-26T15:00:00+00,CONCLUIDA,ATRASO,2024-07-28T15:00:00+00
4020,DEV-2024-000020,2024-08-15T15:00:00+00,CONCLUIDA,OUTRO,2024-08-17T15:00:00+00
4021,DEV-2024-000021,2024-10-02T15:00:00+00,CONCLUIDA,ARREPENDIMENTO,2024-10-04T15:00:00+00
4022,DEV-2024-000022,2024-10-21T15:00:00+00,CONCLUIDA,AVARIA,2024-10-23T15:00:00+00
4023,DEV-2024-000023,2024-11-10T15:00:00+00,CONCLUIDA,ITEM_INCORRETO,2024-11-12T15:00:00+00
4024,DEV-2024-000024,2024-11-27T15:00:00+00,CONCLUIDA,ATRASO,2024-11-29T15:00:00+00
4025,DEV-2024-000025,2024-12-16T15:00:00+00,CONCLUIDA,OUTRO,2024-12-18T15:00:00+00
4026,DEV-2024-000026,2024-02-02T15:00:00+00,CONCLUIDA,ARREPENDIMENTO,2024-02-04T15:00:00+00
4027,DEV-2024-000027,2024-02-22T15:00:00+00,CONCLUIDA,AVARIA,2024-02-24T15:00:00+00
4028,DEV-2024-000028,2024-03-11T15:00:00+00,CONCLUIDA,ITEM_INCORRETO,2024-03-13T15:00:00+00
4029,DEV-2024-000029,2024-04-28T15:00:00+00,CONCLUIDA,ATRASO,2024-04-30T15:00:00+00
4030,DEV-2024-000030,2024-05-17T15:00:00+00,CONCLUIDA,OUTRO,2024-05-19T15:00:00+00
4031,DEV-2024-000031,2024-07-04T15:00:00+00,CONCLUIDA,ARREPENDIMENTO,2024-07-06T15:00:00+00
4032,DEV-2024-000032,2024-07-23T15:00:00+00,CONCLUIDA,AVARIA,2024-07-25T15:00:00+00
4033,DEV-2024-000033,2024-08-12T15:00:00+00,CONCLUIDA,ITEM_INCORRETO,2024-08-14T15:00:00+00
4034,DEV-2024-000034,2024-09-29T15:00:00+00,CONCLUIDA,ATRASO,2024-10-01T15:00:00+00
4035,DEV-2024-000035,2024-10-18T15:00:00+00,CONCLUIDA,OUTRO,2024-10-20T15:00:00+00
4036,DEV-2024-000036,2024-12-05T15:00:00+00,CONCLUIDA,ARREPENDIMENTO,2024-12-07T15:00:00+00
4037,DEV-2024-000037,2024-11-24T15:00:00+00,CONCLUIDA,AVARIA,2024-11-26T15:00:00+00
4038,DEV-2024-000038,2024-12-13T15:00:00+00,CONCLUIDA,ITEM_INCORRETO,2024-12-15T15:00:00+00
4039,DEV-2024-000039,2024-01-30T15:00:00+00,CONCLUIDA,ATRASO,2024-02-01T15:00:00+00
4040,DEV-2024-000040,2024-02-19T15:00:00+00,CONCLUIDA,OUTRO,2024-02-21T15:00:00+00
4041,DEV-2024-000041,2024-04-05T15:00:00+00,CONCLUIDA,ARREPENDIMENTO,2024-04-07T15:00:00+00
4042,DEV-2024-000042,2024-04-25T15:00:00+00,CONCLUIDA,AVARIA,2024-04-27T15:00:00+00
4043,DEV-2024-000043,2024-05-14T15:00:00+00,CONCLUIDA,ITEM_INCORRETO,2024-05-16T15:00:00+00
4044,DEV-2024-000044,2024-07-01T15:00:00+00,CONCLUIDA,ATRASO,2024-07-03T15:00:00+00
4045,DEV-2024-000045,2024-07-20T15:00:00+00,CONCLUIDA,OUTRO,2024-07-22T15:00:00+00
4046,DEV-2024-000046,2024-09-06T15:00:00+00,CONCLUIDA,ARREPENDIMENTO,2024-09-08T15:00:00+00
4047,DEV-2024-000047,2024-09-26T15:00:00+00,CONCLUIDA,AVARIA,2024-09-28T15:00:00+00
4048,DEV-2024-000048,2024-10-15T15:00:00+00,CONCLUIDA,ITEM_INCORRETO,2024-10-17T15:00:00+00
4049,DEV-2024-000049,2024-12-02T15:00:00+00,CONCLUIDA,ATRASO,2024-12-04T15:00:00+00
4050,DEV-2024-000050,2024-11-21T15:00:00+00,CONCLUIDA,OUTRO,2024-11-23T15:00:00+00
4051,DEV-2024-000051,2024-12-10T15:00:00+00,CONCLUIDA,ARREPENDIMENTO,2024-12-12T15:00:00+00
4052,DEV-2024-000052,2024-01-27T15:00:00+00,CONCLUIDA,AVARIA,2024-01-29T15:00:00+00
4053,DEV-2024-000053,2024-02-16T15:00:00+00,CONCLUIDA,ITEM_INCORRETO,2024-02-18T15:00:00+00
4054,DEV-2024-000054,2024-04-02T15:00:00+00,CONCLUIDA,ATRASO,2024-04-04T15:00:00+00
4055,DEV-2024-000055,2024-04-22T15:00:00+00,CONCLUIDA,OUTRO,2024-04-24T15:00:00+00
4056,DEV-2024-000056,2024-05-11T15:00:00+00,CONCLUIDA,ARREPENDIMENTO,2024-05-13T15:00:00+00
4057,DEV-2024-000057,2024-06-28T15:00:00+00,CONCLUIDA,AVARIA,2024-06-30T15:00:00+00
4058,DEV-2024-000058,2024-07-17T15:00:00+00,CONCLUIDA,ITEM_INCORRETO,2024-07-19T15:00:00+00
4059,DEV-2024-000059,2024-09-03T15:00:00+00,CONCLUIDA,ATRASO,2024-09-05T15:00:00+00
4060,DEV-2024-000060,2024-09-23T15:00:00+00,CONCLUIDA,OUTRO,2024-09-25T15:00:00+00
4061,DEV-2024-000061,2024-10-12T15:00:00+00,CONCLUIDA,ARREPENDIMENTO,2024-10-14T15:00:00+00
4062,DEV-2024-000062,2024-11-29T15:00:00+00,CONCLUIDA,AVARIA,2024-12-01T15:00:00+00
4063,DEV-2024-000063,2024-11-18T15:00:00+00,CONCLUIDA,ITEM_INCORRETO,2024-11-20T15:00:00+00
4064,DEV-2025-000064,2025-01-04T15:00:00+00,CONCLUIDA,ATRASO,2025-01-06T15:00:00+00
4065,DEV-2024-000065,2024-01-24T15:00:00+00,CONCLUIDA,OUTRO,2024-01-26T15:00:00+00
4066,DEV-2024-000066,2024-02-13T15:00:00+00,CONCLUIDA,ARREPENDIMENTO,2024-02-15T15:00:00+00
4067,DEV-2024-000067,2024-03-30T15:00:00+00,CONCLUIDA,AVARIA,2024-04-01T15:00:00+00
4068,DEV-2024-000068,2024-04-19T15:00:00+00,CONCLUIDA,ITEM_INCORRETO,2024-04-21T15:00:00+00
4069,DEV-2024-000069,2024-06-05T15:00:00+00,CONCLUIDA,ATRASO,2024-06-07T15:00:00+00
4070,DEV-2024-000070,2024-06-25T15:00:00+00,CONCLUIDA,OUTRO,2024-06-27T15:00:00+00
4071,DEV-2024-000071,2024-07-14T15:00:00+00,CONCLUIDA,ARREPENDIMENTO,2024-07-16T15:00:00+00
4072,DEV-2024-000072,2024-08-31T15:00:00+00,CONCLUIDA,AVARIA,2024-09-02T15:00:00+00
4073,DEV-2024-000073,2024-09-20T15:00:00+00,CONCLUIDA,ITEM_INCORRETO,2024-09-22T15:00:00+00
4074,DEV-2024-000074,2024-11-06T15:00:00+00,CONCLUIDA,ATRASO,2024-11-08T15:00:00+00
4075,DEV-2024-000075,2024-11-26T15:00:00+00,CONCLUIDA,OUTRO,2024-11-28T15:00:00+00
4076,DEV-2024-000076,2024-11-15T15:00:00+00,CONCLUIDA,ARREPENDIMENTO,2024-11-17T15:00:00+00
4077,DEV-2025-000077,2025-01-01T15:00:00+00,CONCLUIDA,AVARIA,2025-01-03T15:00:00+00
4078,DEV-2024-000078,2024-01-21T15:00:00+00,CONCLUIDA,ITEM_INCORRETO,2024-01-23T15:00:00+00
4079,DEV-2024-000079,2024-02-10T15:00:00+00,CONCLUIDA,ATRASO,2024-02-12T15:00:00+00
4080,DEV-2024-000080,2024-03-27T15:00:00+00,CONCLUIDA,OUTRO,2024-03-29T15:00:00+00
4081,DEV-2024-000081,2024-04-16T15:00:00+00,CONCLUIDA,ARREPENDIMENTO,2024-04-18T15:00:00+00
4082,DEV-2024-000082,2024-06-02T15:00:00+00,CONCLUIDA,AVARIA,2024-06-04T15:00:00+00
4083,DEV-2024-000083,2024-06-22T15:00:00+00,CONCLUIDA,ITEM_INCORRETO,2024-06-24T15:00:00+00
4084,DEV-2024-000084,2024-07-11T15:00:00+00,CONCLUIDA,ATRASO,2024-07-13T15:00:00+00
4085,DEV-2024-000085,2024-08-28T15:00:00+00,CONCLUIDA,OUTRO,2024-08-30T15:00:00+00
4086,DEV-2024-000086,2024-09-17T15:00:00+00,CONCLUIDA,ARREPENDIMENTO,2024-09-19T15:00:00+00
4087,DEV-2024-000087,2024-11-03T15:00:00+00,CONCLUIDA,AVARIA,2024-11-05T15:00:00+00
4088,DEV-2024-000088,2024-11-23T15:00:00+00,CONCLUIDA,ITEM_INCORRETO,2024-11-25T15:00:00+00
4089,DEV-2024-000089,2024-11-12T15:00:00+00,CONCLUIDA,ATRASO,2024-11-14T15:00:00+00
4090,DEV-2024-000090,2024-12-29T15:00:00+00,CONCLUIDA,OUTRO,2024-12-31T15:00:00+00
4091,DEV-2024-000091,2024-01-18T15:00:00+00,CONCLUIDA,ARREPENDIMENTO,2024-01-20T15:00:00+00
4092,DEV-2024-000092,2024-03-06T15:00:00+00,CONCLUIDA,AVARIA,2024-03-08T15:00:00+00
4093,DEV-2024-000093,2024-03-24T15:00:00+00,CONCLUIDA,ITEM_INCORRETO,2024-03-26T15:00:00+00
4094,DEV-2024-000094,2024-04-13T15:00:00+00,CONCLUIDA,ATRASO,2024-04-15T15:00:00+00
4095,DEV-2024-000095,2024-05-30T15:00:00+00,CONCLUIDA,OUTRO,2024-06-01T15:00:00+00
4096,DEV-2024-000096,2024-06-19T15:00:00+00,CONCLUIDA,ARREPENDIMENTO,2024-06-21T15:00:00+00
4097,DEV-2024-000097,2024-08-05T15:00:00+00,CONCLUIDA,AVARIA,2024-08-07T15:00:00+00
4098,DEV-2024-000098,2024-08-25T15:00:00+00,CONCLUIDA,ITEM_INCORRETO,2024-08-27T15:00:00+00
4099,DEV-2024-000099,2024-09-14T15:00:00+00,CONCLUIDA,ATRASO,2024-09-16T15:00:00+00
4100,DEV-2024-000100,2024-10-31T15:00:00+00,CONCLUIDA,OUTRO,2024-11-02T15:00:00+00
4101,DEV-2024-000101,2024-11-20T15:00:00+00,CONCLUIDA,ARREPENDIMENTO,2024-11-22T15:00:00+00
4102,DEV-2024-000102,2024-12-07T15:00:00+00,CONCLUIDA,AVARIA,2024-12-09T15:00:00+00
4103,DEV-2024-000103,2024-12-26T15:00:00+00,CONCLUIDA,ITEM_INCORRETO,2024-12-28T15:00:00+00
4104,DEV-2024-000104,2024-01-15T15:00:00+00,CONCLUIDA,ATRASO,2024-01-17T15:00:00+00
4105,DEV-2024-000105,2024-03-03T15:00:00+00,CONCLUIDA,OUTRO,2024-03-05T15:00:00+00
4106,DEV-2024-000106,2024-03-21T15:00:00+00,CONCLUIDA,ARREPENDIMENTO,2024-03-23T15:00:00+00
4107,DEV-2024-000107,2024-04-10T15:00:00+00,CONCLUIDA,AVARIA,2024-04-12T15:00:00+00
4108,DEV-2024-000108,2024-05-27T15:00:00+00,CONCLUIDA,ITEM_INCORRETO,2024-05-29T15:00:00+00
4109,DEV-2024-000109,2024-06-16T15:00:00+00,CONCLUIDA,ATRASO,2024-06-18T15:00:00+00
4110,DEV-2024-000110,2024-08-02T15:00:00+00,CONCLUIDA,OUTRO,2024-08-04T15:00:00+00
4111,DEV-2024-000111,2024-08-22T15:00:00+00,CONCLUIDA,ARREPENDIMENTO,2024-08-24T15:00:00+00
4112,DEV-2024-000112,2024-09-11T15:00:00+00,CONCLUIDA,AVARIA,2024-09-13T15:00:00+00
4113,DEV-2024-000113,2024-10-28T15:00:00+00,CONCLUIDA,ITEM_INCORRETO,2024-10-30T15:00:00+00
4114,DEV-2024-000114,2024-11-17T15:00:00+00,CONCLUIDA,ATRASO,2024-11-19T15:00:00+00
4115,DEV-2024-000115,2024-12-04T15:00:00+00,CONCLUIDA,OUTRO,2024-12-06T15:00:00+00
4116,DEV-2024-000116,2024-12-23T15:00:00+00,CONCLUIDA,ARREPENDIMENTO,2024-12-25T15:00:00+00
4117,DEV-2024-000117,2024-01-12T15:00:00+00,CONCLUIDA,AVARIA,2024-01-14T15:00:00+00
4118,DEV-2024-000118,2024-02-29T15:00:00+00,CONCLUIDA,ITEM_INCORRETO,2024-03-02T15:00:00+00
4119,DEV-2024-000119,2024-03-18T15:00:00+00,CONCLUIDA,ATRASO,2024-03-20T15:00:00+00
4120,DEV-2024-000120,2024-05-05T15:00:00+00,CONCLUIDA,OUTRO,2024-05-07T15:00:00+00
4121,DEV-2024-000121,2024-05-24T15:00:00+00,CONCLUIDA,ARREPENDIMENTO,2024-05-26T15:00:00+00
4122,DEV-2024-000122,2024-06-13T15:00:00+00,CONCLUIDA,AVARIA,2024-06-15T15:00:00+00
4123,DEV-2024-000123,2024-07-30T15:00:00+00,CONCLUIDA,ITEM_INCORRETO,2024-08-01T15:00:00+00
4124,DEV-2024-000124,2024-08-19T15:00:00+00,CONCLUIDA,ATRASO,2024-08-21T15:00:00+00
4125,DEV-2024-000125,2024-10-06T15:00:00+00,CONCLUIDA,OUTRO,2024-10-08T15:00:00+00
4126,DEV-2024-000126,2024-10-25T15:00:00+00,CONCLUIDA,ARREPENDIMENTO,2024-10-27T15:00:00+00
4127,DEV-2024-000127,2024-11-14T15:00:00+00,CONCLUIDA,AVARIA,2024-11-16T15:00:00+00
4128,DEV-2024-000128,2024-12-01T15:00:00+00,CONCLUIDA,ITEM_INCORRETO,2024-12-03T15:00:00+00
4129,DEV-2024-000129,2024-12-20T15:00:00+00,CONCLUIDA,ATRASO,2024-12-22T15:00:00+00
4130,DEV-2024-000130,2024-02-06T15:00:00+00,CONCLUIDA,OUTRO,2024-02-08T15:00:00+00
4131,DEV-2024-000131,2024-02-26T15:00:00+00,CONCLUIDA,ARREPENDIMENTO,2024-02-28T15:00:00+00
4132,DEV-2024-000132,2024-03-15T15:00:00+00,CONCLUIDA,AVARIA,2024-03-17T15:00:00+00
4133,DEV-2024-000133,2024-05-02T15:00:00+00,CONCLUIDA,ITEM_INCORRETO,2024-05-04T15:00:00+00
4134,DEV-2024-000134,2024-05-21T15:00:00+00,CONCLUIDA,ATRASO,2024-05-23T15:00:00+00
4135,DEV-2024-000135,2024-06-10T15:00:00+00,CONCLUIDA,OUTRO,2024-06-12T15:00:00+00
4136,DEV-2024-000136,2024-07-27T15:00:00+00,CONCLUIDA,ARREPENDIMENTO,2024-07-29T15:00:00+00
4137,DEV-2024-000137,2024-08-16T15:00:00+00,CONCLUIDA,AVARIA,2024-08-18T15:00:00+00
4138,DEV-2024-000138,2024-10-03T15:00:00+00,CONCLUIDA,ITEM_INCORRETO,2024-10-05T15:00:00+00
4139,DEV-2024-000139,2024-10-22T15:00:00+00,CONCLUIDA,ATRASO,2024-10-24T15:00:00+00
4140,DEV-2024-000140,2024-11-11T15:00:00+00,CONCLUIDA,OUTRO,2024-11-13T15:00:00+00
4141,DEV-2024-000141,2024-11-28T15:00:00+00,CONCLUIDA,ARREPENDIMENTO,2024-11-30T15:00:00+00
4142,DEV-2024-000142,2024-12-17T15:00:00+00,CONCLUIDA,AVARIA,2024-12-19T15:00:00+00
4143,DEV-2024-000143,2024-02-03T15:00:00+00,CONCLUIDA,ITEM_INCORRETO,2024-02-05T15:00:00+00
4144,DEV-2024-000144,2024-02-23T15:00:00+00,CONCLUIDA,ATRASO,2024-02-25T15:00:00+00
4145,DEV-2024-000145,2024-03-12T15:00:00+00,CONCLUIDA,OUTRO,2024-03-14T15:00:00+00
4146,DEV-2024-000146,2024-04-29T15:00:00+00,CONCLUIDA,ARREPENDIMENTO,2024-05-01T15:00:00+00
4147,DEV-2024-000147,2024-05-18T15:00:00+00,CONCLUIDA,AVARIA,2024-05-20T15:00:00+00
4148,DEV-2024-000148,2024-07-05T15:00:00+00,CONCLUIDA,ITEM_INCORRETO,2024-07-07T15:00:00+00
4149,DEV-2024-000149,2024-07-24T15:00:00+00,CONCLUIDA,ATRASO,2024-07-26T15:00:00+00
4150,DEV-2024-000150,2024-08-13T15:00:00+00,CONCLUIDA,OUTRO,2024-08-15T15:00:00+00
4151,DEV-2024-000151,2024-09-30T15:00:00+00,CONCLUIDA,ARREPENDIMENTO,2024-10-02T15:00:00+00
4152,DEV-2024-000152,2024-10-19T15:00:00+00,CONCLUIDA,AVARIA,2024-10-21T15:00:00+00
4153,DEV-2024-000153,2024-12-06T15:00:00+00,CONCLUIDA,ITEM_INCORRETO,2024-12-08T15:00:00+00
4154,DEV-2024-000154,2024-11-25T15:00:00+00,CONCLUIDA,ATRASO,2024-11-27T15:00:00+00
4155,DEV-2024-000155,2024-12-14T15:00:00+00,CONCLUIDA,OUTRO,2024-12-16T15:00:00+00
4156,DEV-2024-000156,2024-01-31T15:00:00+00,CONCLUIDA,ARREPENDIMENTO,2024-02-02T15:00:00+00
4157,DEV-2024-000157,2024-02-20T15:00:00+00,CONCLUIDA,AVARIA,2024-02-22T15:00:00+00
4158,DEV-2024-000158,2024-04-06T15:00:00+00,CONCLUIDA,ITEM_INCORRETO,2024-04-08T15:00:00+00
4159,DEV-2024-000159,2024-04-26T15:00:00+00,CONCLUIDA,ATRASO,2024-04-28T15:00:00+00
4160,DEV-2024-000160,2024-05-15T15:00:00+00,CONCLUIDA,OUTRO,2024-05-17T15:00:00+00
4161,DEV-2024-000161,2024-07-02T15:00:00+00,CONCLUIDA,ARREPENDIMENTO,2024-07-04T15:00:00+00
4162,DEV-2024-000162,2024-07-21T15:00:00+00,CONCLUIDA,AVARIA,2024-07-23T15:00:00+00
4163,DEV-2024-000163,2024-08-10T15:00:00+00,CONCLUIDA,ITEM_INCORRETO,2024-08-12T15:00:00+00
4164,DEV-2024-000164,2024-09-27T15:00:00+00,CONCLUIDA,ATRASO,2024-09-29T15:00:00+00
4165,DEV-2024-000165,2024-10-16T15:00:00+00,CONCLUIDA,OUTRO,2024-10-18T15:00:00+00
4166,DEV-2024-000166,2024-12-03T15:00:00+00,CONCLUIDA,ARREPENDIMENTO,2024-12-05T15:00:00+00
4167,DEV-2024-000167,2024-11-22T15:00:00+00,CONCLUIDA,AVARIA,2024-11-24T15:00:00+00
4168,DEV-2024-000168,2024-12-11T15:00:00+00,CONCLUIDA,ITEM_INCORRETO,2024-12-13T15:00:00+00
4169,DEV-2024-000169,2024-01-28T15:00:00+00,CONCLUIDA,ATRASO,2024-01-30T15:00:00+00
4170,DEV-2024-000170,2024-02-17T15:00:00+00,CONCLUIDA,OUTRO,2024-02-19T15:00:00+00
4171,DEV-2024-000171,2024-04-03T15:00:00+00,CONCLUIDA,ARREPENDIMENTO,2024-04-05T15:00:00+00
4172,DEV-2024-000172,2024-04-23T15:00:00+00,CONCLUIDA,AVARIA,2024-04-25T15:00:00+00
4173,DEV-2024-000173,2024-05-12T15:00:00+00,CONCLUIDA,ITEM_INCORRETO,2024-05-14T15:00:00+00
4174,DEV-2024-000174,2024-06-29T15:00:00+00,CONCLUIDA,ATRASO,2024-07-01T15:00:00+00
4175,DEV-2024-000175,2024-07-18T15:00:00+00,CONCLUIDA,OUTRO,2024-07-20T15:00:00+00
4176,DEV-2024-000176,2024-09-04T15:00:00+00,CONCLUIDA,ARREPENDIMENTO,2024-09-06T15:00:00+00
4177,DEV-2024-000177,2024-09-24T15:00:00+00,CONCLUIDA,AVARIA,2024-09-26T15:00:00+00
4178,DEV-2024-000178,2024-10-13T15:00:00+00,CONCLUIDA,ITEM_INCORRETO,2024-10-15T15:00:00+00
4179,DEV-2024-000179,2024-11-30T15:00:00+00,CONCLUIDA,ATRASO,2024-12-02T15:00:00+00
4180,DEV-2024-000180,2024-11-19T15:00:00+00,CONCLUIDA,OUTRO,2024-11-21T15:00:00+00
4181,DEV-2025-000181,2025-01-05T15:00:00+00,CONCLUIDA,ARREPENDIMENTO,2025-01-07T15:00:00+00
4182,DEV-2024-000182,2024-01-25T15:00:00+00,CONCLUIDA,AVARIA,2024-01-27T15:00:00+00
4183,DEV-2024-000183,2024-02-14T15:00:00+00,CONCLUIDA,ITEM_INCORRETO,2024-02-16T15:00:00+00
4184,DEV-2024-000184,2024-03-31T15:00:00+00,CONCLUIDA,ATRASO,2024-04-02T15:00:00+00
4185,DEV-2024-000185,2024-04-20T15:00:00+00,CONCLUIDA,OUTRO,2024-04-22T15:00:00+00
4186,DEV-2024-000186,2024-06-06T15:00:00+00,CONCLUIDA,ARREPENDIMENTO,2024-06-08T15:00:00+00
4187,DEV-2024-000187,2024-06-26T15:00:00+00,CONCLUIDA,AVARIA,2024-06-28T15:00:00+00
4188,DEV-2024-000188,2024-07-15T15:00:00+00,CONCLUIDA,ITEM_INCORRETO,2024-07-17T15:00:00+00
4189,DEV-2024-000189,2024-09-01T15:00:00+00,CONCLUIDA,ATRASO,2024-09-03T15:00:00+00
4190,DEV-2024-000190,2024-09-21T15:00:00+00,CONCLUIDA,OUTRO,2024-09-23T15:00:00+00
4191,DEV-2024-000191,2024-10-10T15:00:00+00,CONCLUIDA,ARREPENDIMENTO,2024-10-12T15:00:00+00
4192,DEV-2024-000192,2024-11-27T15:00:00+00,CONCLUIDA,AVARIA,2024-11-29T15:00:00+00
4193,DEV-2024-000193,2024-11-16T15:00:00+00,CONCLUIDA,ITEM_INCORRETO,2024-11-18T15:00:00+00
4194,DEV-2025-000194,2025-01-02T15:00:00+00,CONCLUIDA,ATRASO,2025-01-04T15:00:00+00
4195,DEV-2024-000195,2024-01-22T15:00:00+00,CONCLUIDA,OUTRO,2024-01-24T15:00:00+00
4196,DEV-2024-000196,2024-02-11T15:00:00+00,CONCLUIDA,ARREPENDIMENTO,2024-02-13T15:00:00+00
4197,DEV-2024-000197,2024-03-28T15:00:00+00,CONCLUIDA,AVARIA,2024-03-30T15:00:00+00
4198,DEV-2024-000198,2024-04-17T15:00:00+00,CONCLUIDA,ITEM_INCORRETO,2024-04-19T15:00:00+00
4199,DEV-2024-000199,2024-06-03T15:00:00+00,CONCLUIDA,ATRASO,2024-06-05T15:00:00+00
4200,DEV-2024-000200,2024-06-23T15:00:00+00,CONCLUIDA,OUTRO,2024-06-25T15:00:00+00
4201,DEV-2024-000201,2024-07-12T15:00:00+00,CONCLUIDA,ARREPENDIMENTO,2024-07-14T15:00:00+00
4202,DEV-2024-000202,2024-08-29T15:00:00+00,CONCLUIDA,AVARIA,2024-08-31T15:00:00+00
4203,DEV-2024-000203,2024-09-18T15:00:00+00,CONCLUIDA,ITEM_INCORRETO,2024-09-20T15:00:00+00
4204,DEV-2024-000204,2024-11-04T15:00:00+00,CONCLUIDA,ATRASO,2024-11-06T15:00:00+00
4205,DEV-2024-000205,2024-11-24T15:00:00+00,CONCLUIDA,OUTRO,2024-11-26T15:00:00+00
4206,DEV-2024-000206,2024-11-13T15:00:00+00,CONCLUIDA,ARREPENDIMENTO,2024-11-15T15:00:00+00
4207,DEV-2024-000207,2024-12-30T15:00:00+00,CONCLUIDA,AVARIA,2025-01-01T15:00:00+00
4208,DEV-2024-000208,2024-01-19T15:00:00+00,CONCLUIDA,ITEM_INCORRETO,2024-01-21T15:00:00+00
4209,DEV-2024-000209,2024-03-07T15:00:00+00,CONCLUIDA,ATRASO,2024-03-09T15:00:00+00
4210,DEV-2024-000210,2024-03-25T15:00:00+00,CONCLUIDA,OUTRO,2024-03-27T15:00:00+00
4211,DEV-2024-000211,2024-04-14T15:00:00+00,CONCLUIDA,ARREPENDIMENTO,2024-04-16T15:00:00+00
4212,DEV-2024-000212,2024-05-31T15:00:00+00,CONCLUIDA,AVARIA,2024-06-02T15:00:00+00
4213,DEV-2024-000213,2024-06-20T15:00:00+00,CONCLUIDA,ITEM_INCORRETO,2024-06-22T15:00:00+00
4214,DEV-2024-000214,2024-08-06T15:00:00+00,CONCLUIDA,ATRASO,2024-08-08T15:00:00+00
4215,DEV-2024-000215,2024-08-26T15:00:00+00,CONCLUIDA,OUTRO,2024-08-28T15:00:00+00
4216,DEV-2024-000216,2024-09-15T15:00:00+00,CONCLUIDA,ARREPENDIMENTO,2024-09-17T15:00:00+00
4217,DEV-2024-000217,2024-11-01T15:00:00+00,CONCLUIDA,AVARIA,2024-11-03T15:00:00+00
4218,DEV-2024-000218,2024-11-21T15:00:00+00,CONCLUIDA,ITEM_INCORRETO,2024-11-23T15:00:00+00
4219,DEV-2024-000219,2024-11-10T15:00:00+00,CONCLUIDA,ATRASO,2024-11-12T15:00:00+00
4220,DEV-2024-000220,2024-12-27T15:00:00+00,CONCLUIDA,OUTRO,2024-12-29T15:00:00+00
4221,DEV-2024-000221,2024-01-16T15:00:00+00,CONCLUIDA,ARREPENDIMENTO,2024-01-18T15:00:00+00
4222,DEV-2024-000222,2024-03-04T15:00:00+00,CONCLUIDA,AVARIA,2024-03-06T15:00:00+00
4223,DEV-2024-000223,2024-03-22T15:00:00+00,CONCLUIDA,ITEM_INCORRETO,2024-03-24T15:00:00+00
4224,DEV-2024-000224,2024-04-11T15:00:00+00,CONCLUIDA,ATRASO,2024-04-13T15:00:00+00
4225,DEV-2024-000225,2024-05-28T15:00:00+00,CONCLUIDA,OUTRO,2024-05-30T15:00:00+00
4226,DEV-2024-000226,2024-06-17T15:00:00+00,CONCLUIDA,ARREPENDIMENTO,2024-06-19T15:00:00+00
4227,DEV-2024-000227,2024-08-03T15:00:00+00,CONCLUIDA,AVARIA,2024-08-05T15:00:00+00
4228,DEV-2024-000228,2024-08-23T15:00:00+00,CONCLUIDA,ITEM_INCORRETO,2024-08-25T15:00:00+00
4229,DEV-2024-000229,2024-09-12T15:00:00+00,CONCLUIDA,ATRASO,2024-09-14T15:00:00+00
4230,DEV-2024-000230,2024-10-29T15:00:00+00,CONCLUIDA,OUTRO,2024-10-31T15:00:00+00
4231,DEV-2024-000231,2024-11-18T15:00:00+00,CONCLUIDA,ARREPENDIMENTO,2024-11-20T15:00:00+00
4232,DEV-2024-000232,2024-12-05T15:00:00+00,CONCLUIDA,AVARIA,2024-12-07T15:00:00+00
4233,DEV-2024-000233,2024-12-24T15:00:00+00,CONCLUIDA,ITEM_INCORRETO,2024-12-26T15:00:00+00
4234,DEV-2024-000234,2024-01-13T15:00:00+00,CONCLUIDA,ATRASO,2024-01-15T15:00:00+00
4235,DEV-2024-000235,2024-03-01T15:00:00+00,CONCLUIDA,OUTRO,2024-03-03T15:00:00+00
4236,DEV-2024-000236,2024-03-19T15:00:00+00,CONCLUIDA,ARREPENDIMENTO,2024-03-21T15:00:00+00
4237,DEV-2024-000237,2024-05-06T15:00:00+00,CONCLUIDA,AVARIA,2024-05-08T15:00:00+00
4238,DEV-2024-000238,2024-05-25T15:00:00+00,CONCLUIDA,ITEM_INCORRETO,2024-05-27T15:00:00+00
4239,DEV-2024-000239,2024-06-14T15:00:00+00,CONCLUIDA,ATRASO,2024-06-16T15:00:00+00
4240,DEV-2024-000240,2024-07-31T15:00:00+00,CONCLUIDA,OUTRO,2024-08-02T15:00:00+00
4241,DEV-2024-000241,2024-08-20T15:00:00+00,CONCLUIDA,ARREPENDIMENTO,2024-08-22T15:00:00+00
4242,DEV-2024-000242,2024-10-07T15:00:00+00,CONCLUIDA,AVARIA,2024-10-09T15:00:00+00
4243,DEV-2024-000243,2024-10-26T15:00:00+00,CONCLUIDA,ITEM_INCORRETO,2024-10-28T15:00:00+00
4244,DEV-2024-000244,2024-11-15T15:00:00+00,CONCLUIDA,ATRASO,2024-11-17T15:00:00+00
4245,DEV-2024-000245,2024-12-02T15:00:00+00,CONCLUIDA,OUTRO,2024-12-04T15:00:00+00
4246,DEV-2024-000246,2024-12-21T15:00:00+00,CONCLUIDA,ARREPENDIMENTO,2024-12-23T15:00:00+00
4247,DEV-2024-000247,2024-01-10T15:00:00+00,CONCLUIDA,AVARIA,2024-01-12T15:00:00+00
4248,DEV-2024-000248,2024-02-27T15:00:00+00,CONCLUIDA,ITEM_INCORRETO,2024-02-29T15:00:00+00
4249,DEV-2024-000249,2024-03-16T15:00:00+00,CONCLUIDA,ATRASO,2024-03-18T15:00:00+00
4250,DEV-2024-000250,2024-05-03T15:00:00+00,CONCLUIDA,OUTRO,2024-05-05T15:00:00+00
4251,DEV-2024-000251,2024-05-22T15:00:00+00,CONCLUIDA,ARREPENDIMENTO,2024-05-24T15:00:00+00
4252,DEV-2024-000252,2024-06-11T15:00:00+00,CONCLUIDA,AVARIA,2024-06-13T15:00:00+00
4253,DEV-2024-000253,2024-07-28T15:00:00+00,CONCLUIDA,ITEM_INCORRETO,2024-07-30T15:00:00+00
4254,DEV-2024-000254,2024-08-17T15:00:00+00,CONCLUIDA,ATRASO,2024-08-19T15:00:00+00
4255,DEV-2024-000255,2024-10-04T15:00:00+00,CONCLUIDA,OUTRO,2024-10-06T15:00:00+00
4256,DEV-2024-000256,2024-10-23T15:00:00+00,CONCLUIDA,ARREPENDIMENTO,2024-10-25T15:00:00+00
4257,DEV-2024-000257,2024-11-12T15:00:00+00,CONCLUIDA,AVARIA,2024-11-14T15:00:00+00
4258,DEV-2024-000258,2024-11-29T15:00:00+00,CONCLUIDA,ITEM_INCORRETO,2024-12-01T15:00:00+00
4259,DEV-2024-000259,2024-12-18T15:00:00+00,CONCLUIDA,ATRASO,2024-12-20T15:00:00+00
4260,DEV-2024-000260,2024-02-04T15:00:00+00,CONCLUIDA,OUTRO,2024-02-06T15:00:00+00
4261,DEV-2024-000261,2024-02-24T15:00:00+00,CONCLUIDA,ARREPENDIMENTO,2024-02-26T15:00:00+00
4262,DEV-2024-000262,2024-03-13T15:00:00+00,CONCLUIDA,AVARIA,2024-03-15T15:00:00+00
4263,DEV-2024-000263,2024-04-30T15:00:00+00,CONCLUIDA,ITEM_INCORRETO,2024-05-02T15:00:00+00
4264,DEV-2024-000264,2024-05-19T15:00:00+00,CONCLUIDA,ATRASO,2024-05-21T15:00:00+00
4265,DEV-2024-000265,2024-07-06T15:00:00+00,CONCLUIDA,OUTRO,2024-07-08T15:00:00+00
4266,DEV-2024-000266,2024-07-25T15:00:00+00,CONCLUIDA,ARREPENDIMENTO,2024-07-27T15:00:00+00
4267,DEV-2024-000267,2024-08-14T15:00:00+00,CONCLUIDA,AVARIA,2024-08-16T15:00:00+00
4268,DEV-2024-000268,2024-10-01T15:00:00+00,CONCLUIDA,ITEM_INCORRETO,2024-10-03T15:00:00+00
4269,DEV-2024-000269,2024-10-20T15:00:00+00,CONCLUIDA,ATRASO,2024-10-22T15:00:00+00
4270,DEV-2024-000270,2024-12-07T15:00:00+00,CONCLUIDA,OUTRO,2024-12-09T15:00:00+00
4271,DEV-2024-000271,2024-11-26T15:00:00+00,CONCLUIDA,ARREPENDIMENTO,2024-11-28T15:00:00+00
4272,DEV-2024-000272,2024-12-15T15:00:00+00,CONCLUIDA,AVARIA,2024-12-17T15:00:00+00
4273,DEV-2024-000273,2024-02-01T15:00:00+00,CONCLUIDA,ITEM_INCORRETO,2024-02-03T15:00:00+00
4274,DEV-2024-000274,2024-02-21T15:00:00+00,CONCLUIDA,ATRASO,2024-02-23T15:00:00+00
4275,DEV-2024-000275,2024-03-10T15:00:00+00,CONCLUIDA,OUTRO,2024-03-12T15:00:00+00
4276,DEV-2024-000276,2024-04-27T15:00:00+00,CONCLUIDA,ARREPENDIMENTO,2024-04-29T15:00:00+00
4277,DEV-2024-000277,2024-05-16T15:00:00+00,CONCLUIDA,AVARIA,2024-05-18T15:00:00+00
4278,DEV-2024-000278,2024-07-03T15:00:00+00,CONCLUIDA,ITEM_INCORRETO,2024-07-05T15:00:00+00
4279,DEV-2024-000279,2024-07-22T15:00:00+00,CONCLUIDA,ATRASO,2024-07-24T15:00:00+00
4280,DEV-2024-000280,2024-08-11T15:00:00+00,CONCLUIDA,OUTRO,2024-08-13T15:00:00+00
4281,DEV-2024-000281,2024-09-28T15:00:00+00,CONCLUIDA,ARREPENDIMENTO,2024-09-30T15:00:00+00
4282,DEV-2024-000282,2024-10-17T15:00:00+00,CONCLUIDA,AVARIA,2024-10-19T15:00:00+00
4283,DEV-2024-000283,2024-12-04T15:00:00+00,CONCLUIDA,ITEM_INCORRETO,2024-12-06T15:00:00+00
4284,DEV-2024-000284,2024-11-23T15:00:00+00,CONCLUIDA,ATRASO,2024-11-25T15:00:00+00
4285,DEV-2024-000285,2024-12-12T15:00:00+00,CONCLUIDA,OUTRO,2024-12-14T15:00:00+00
4286,DEV-2024-000286,2024-01-29T15:00:00+00,CONCLUIDA,ARREPENDIMENTO,2024-01-31T15:00:00+00
4287,DEV-2024-000287,2024-02-18T15:00:00+00,CONCLUIDA,AVARIA,2024-02-20T15:00:00+00
4288,DEV-2024-000288,2024-04-04T15:00:00+00,CONCLUIDA,ITEM_INCORRETO,2024-04-06T15:00:00+00
4289,DEV-2024-000289,2024-04-24T15:00:00+00,CONCLUIDA,ATRASO,2024-04-26T15:00:00+00
4290,DEV-2024-000290,2024-05-13T15:00:00+00,CONCLUIDA,OUTRO,2024-05-15T15:00:00+00
4291,DEV-2024-000291,2024-06-30T15:00:00+00,CONCLUIDA,ARREPENDIMENTO,2024-07-02T15:00:00+00
4292,DEV-2024-000292,2024-07-19T15:00:00+00,CONCLUIDA,AVARIA,2024-07-21T15:00:00+00
4293,DEV-2024-000293,2024-09-05T15:00:00+00,CONCLUIDA,ITEM_INCORRETO,2024-09-07T15:00:00+00
4294,DEV-2024-000294,2024-09-25T15:00:00+00,CONCLUIDA,ATRASO,2024-09-27T15:00:00+00
4295,DEV-2024-000295,2024-10-14T15:00:00+00,CONCLUIDA,OUTRO,2024-10-16T15:00:00+00
4296,DEV-2024-000296,2024-12-01T15:00:00+00,CONCLUIDA,ARREPENDIMENTO,2024-12-03T15:00:00+00
4297,DEV-2024-000297,2024-11-20T15:00:00+00,CONCLUIDA,AVARIA,2024-11-22T15:00:00+00
4298,DEV-2025-000298,2025-01-06T15:00:00+00,CONCLUIDA,ITEM_INCORRETO,2025-01-08T15:00:00+00
4299,DEV-2024-000299,2024-01-26T15:00:00+00,CONCLUIDA,ATRASO,2024-01-28T15:00:00+00
4300,DEV-2024-000300,2024-02-15T15:00:00+00,CONCLUIDA,OUTRO,2024-02-17T15:00:00+00
4301,DEV-2024-000301,2024-04-01T15:00:00+00,CONCLUIDA,ARREPENDIMENTO,2024-04-03T15:00:00+00
4302,DEV-2024-000302,2024-04-21T15:00:00+00,CONCLUIDA,AVARIA,2024-04-23T15:00:00+00
4303,DEV-2024-000303,2024-05-10T15:00:00+00,CONCLUIDA,ITEM_INCORRETO,2024-05-12T15:00:00+00
4304,DEV-2024-000304,2024-06-27T15:00:00+00,CONCLUIDA,ATRASO,2024-06-29T15:00:00+00
4305,DEV-2024-000305,2024-07-16T15:00:00+00,CONCLUIDA,OUTRO,2024-07-18T15:00:00+00
4306,DEV-2024-000306,2024-09-02T15:00:00+00,CONCLUIDA,ARREPENDIMENTO,2024-09-04T15:00:00+00
4307,DEV-2024-000307,2024-09-22T15:00:00+00,CONCLUIDA,AVARIA,2024-09-24T15:00:00+00
4308,DEV-2024-000308,2024-10-11T15:00:00+00,CONCLUIDA,ITEM_INCORRETO,2024-10-13T15:00:00+00
4309,DEV-2024-000309,2024-11-28T15:00:00+00,CONCLUIDA,ATRASO,2024-11-30T15:00:00+00
4310,DEV-2024-000310,2024-11-17T15:00:00+00,CONCLUIDA,OUTRO,2024-11-19T15:00:00+00
4311,DEV-2025-000311,2025-01-03T15:00:00+00,CONCLUIDA,ARREPENDIMENTO,2025-01-05T15:00:00+00
4312,DEV-2024-000312,2024-01-23T15:00:00+00,CONCLUIDA,AVARIA,2024-01-25T15:00:00+00
4313,DEV-2024-000313,2024-02-12T15:00:00+00,CONCLUIDA,ITEM_INCORRETO,2024-02-14T15:00:00+00
4314,DEV-2024-000314,2024-03-29T15:00:00+00,CONCLUIDA,ATRASO,2024-03-31T15:00:00+00
4315,DEV-2024-000315,2024-04-18T15:00:00+00,CONCLUIDA,OUTRO,2024-04-20T15:00:00+00
4316,DEV-2024-000316,2024-06-04T15:00:00+00,CONCLUIDA,ARREPENDIMENTO,2024-06-06T15:00:00+00
4317,DEV-2024-000317,2024-06-24T15:00:00+00,CONCLUIDA,AVARIA,2024-06-26T15:00:00+00
4318,DEV-2024-000318,2024-07-13T15:00:00+00,CONCLUIDA,ITEM_INCORRETO,2024-07-15T15:00:00+00
4319,DEV-2024-000319,2024-08-30T15:00:00+00,CONCLUIDA,ATRASO,2024-09-01T15:00:00+00
4320,DEV-2024-000320,2024-09-19T15:00:00+00,CONCLUIDA,OUTRO,2024-09-21T15:00:00+00
4321,DEV-2024-000321,2024-11-05T15:00:00+00,CONCLUIDA,ARREPENDIMENTO,2024-11-07T15:00:00+00
4322,DEV-2024-000322,2024-11-25T15:00:00+00,CONCLUIDA,AVARIA,2024-11-27T15:00:00+00
4323,DEV-2024-000323,2024-11-14T15:00:00+00,CONCLUIDA,ITEM_INCORRETO,2024-11-16T15:00:00+00
4324,DEV-2024-000324,2024-12-31T15:00:00+00,CONCLUIDA,ATRASO,2025-01-02T15:00:00+00
4325,DEV-2024-000325,2024-01-20T15:00:00+00,CONCLUIDA,OUTRO,2024-01-22T15:00:00+00
4326,DEV-2024-000326,2024-03-08T15:00:00+00,CONCLUIDA,ARREPENDIMENTO,2024-03-10T15:00:00+00
4327,DEV-2024-000327,2024-03-26T15:00:00+00,CONCLUIDA,AVARIA,2024-03-28T15:00:00+00
4328,DEV-2024-000328,2024-04-15T15:00:00+00,CONCLUIDA,ITEM_INCORRETO,2024-04-17T15:00:00+00
4329,DEV-2024-000329,2024-06-01T15:00:00+00,CONCLUIDA,ATRASO,2024-06-03T15:00:00+00
4330,DEV-2024-000330,2024-06-21T15:00:00+00,CONCLUIDA,OUTRO,2024-06-23T15:00:00+00
4331,DEV-2024-000331,2024-07-10T15:00:00+00,CONCLUIDA,ARREPENDIMENTO,2024-07-12T15:00:00+00
4332,DEV-2024-000332,2024-08-27T15:00:00+00,CONCLUIDA,AVARIA,2024-08-29T15:00:00+00
4333,DEV-2024-000333,2024-09-16T15:00:00+00,CONCLUIDA,ITEM_INCORRETO,2024-09-18T15:00:00+00
4334,DEV-2024-000334,2024-11-02T15:00:00+00,CONCLUIDA,ATRASO,2024-11-04T15:00:00+00
4335,DEV-2024-000335,2024-11-22T15:00:00+00,CONCLUIDA,OUTRO,2024-11-24T15:00:00+00
4336,DEV-2024-000336,2024-11-11T15:00:00+00,CONCLUIDA,ARREPENDIMENTO,2024-11-13T15:00:00+00
4337,DEV-2024-000337,2024-12-28T15:00:00+00,CONCLUIDA,AVARIA,2024-12-30T15:00:00+00
4338,DEV-2024-000338,2024-01-17T15:00:00+00,CONCLUIDA,ITEM_INCORRETO,2024-01-19T15:00:00+00
4339,DEV-2024-000339,2024-03-05T15:00:00+00,CONCLUIDA,ATRASO,2024-03-07T15:00:00+00
4340,DEV-2024-000340,2024-03-23T15:00:00+00,CONCLUIDA,OUTRO,2024-03-25T15:00:00+00
4341,DEV-2024-000341,2024-04-12T15:00:00+00,CONCLUIDA,ARREPENDIMENTO,2024-04-14T15:00:00+00
4342,DEV-2024-000342,2024-05-29T15:00:00+00,CONCLUIDA,AVARIA,2024-05-31T15:00:00+00
4343,DEV-2024-000343,2024-06-18T15:00:00+00,CONCLUIDA,ITEM_INCORRETO,2024-06-20T15:00:00+00
4344,DEV-2024-000344,2024-08-04T15:00:00+00,CONCLUIDA,ATRASO,2024-08-06T15:00:00+00
4345,DEV-2024-000345,2024-08-24T15:00:00+00,CONCLUIDA,OUTRO,2024-08-26T15:00:00+00
4346,DEV-2024-000346,2024-09-13T15:00:00+00,CONCLUIDA,ARREPENDIMENTO,2024-09-15T15:00:00+00
4347,DEV-2024-000347,2024-10-30T15:00:00+00,CONCLUIDA,AVARIA,2024-11-01T15:00:00+00
4348,DEV-2024-000348,2024-11-19T15:00:00+00,CONCLUIDA,ITEM_INCORRETO,2024-11-21T15:00:00+00
4349,DEV-2024-000349,2024-12-06T15:00:00+00,CONCLUIDA,ATRASO,2024-12-08T15:00:00+00
4350,DEV-2024-000350,2024-12-25T15:00:00+00,CONCLUIDA,OUTRO,2024-12-27T15:00:00+00
4351,DEV-2024-000351,2024-01-14T15:00:00+00,CONCLUIDA,ARREPENDIMENTO,2024-01-16T15:00:00+00
4352,DEV-2024-000352,2024-03-02T15:00:00+00,CONCLUIDA,AVARIA,2024-03-04T15:00:00+00
4353,DEV-2024-000353,2024-03-20T15:00:00+00,CONCLUIDA,ITEM_INCORRETO,2024-03-22T15:00:00+00
4354,DEV-2024-000354,2024-05-07T15:00:00+00,CONCLUIDA,ATRASO,2024-05-09T15:00:00+00
4355,DEV-2024-000355,2024-05-26T15:00:00+00,CONCLUIDA,OUTRO,2024-05-28T15:00:00+00
4356,DEV-2024-000356,2024-06-15T15:00:00+00,CONCLUIDA,ARREPENDIMENTO,2024-06-17T15:00:00+00
4357,DEV-2024-000357,2024-08-01T15:00:00+00,CONCLUIDA,AVARIA,2024-08-03T15:00:00+00
4358,DEV-2024-000358,2024-08-21T15:00:00+00,CONCLUIDA,ITEM_INCORRETO,2024-08-23T15:00:00+00
4359,DEV-2024-000359,2024-09-10T15:00:00+00,CONCLUIDA,ATRASO,2024-09-12T15:00:00+00
4360,DEV-2024-000360,2024-10-27T15:00:00+00,CONCLUIDA,OUTRO,2024-10-29T15:00:00+00
4361,DEV-2024-000361,2024-11-16T15:00:00+00,CONCLUIDA,ARREPENDIMENTO,2024-11-18T15:00:00+00
4362,DEV-2024-000362,2024-12-03T15:00:00+00,CONCLUIDA,AVARIA,2024-12-05T15:00:00+00
4363,DEV-2024-000363,2024-12-22T15:00:00+00,CONCLUIDA,ITEM_INCORRETO,2024-12-24T15:00:00+00
4364,DEV-2024-000364,2024-01-11T15:00:00+00,CONCLUIDA,ATRASO,2024-01-13T15:00:00+00
4365,DEV-2024-000365,2024-02-28T15:00:00+00,CONCLUIDA,OUTRO,2024-03-01T15:00:00+00
4366,DEV-2024-000366,2024-03-17T15:00:00+00,CONCLUIDA,ARREPENDIMENTO,2024-03-19T15:00:00+00
4367,DEV-2024-000367,2024-05-04T15:00:00+00,CONCLUIDA,AVARIA,2024-05-06T15:00:00+00
4368,DEV-2024-000368,2024-05-23T15:00:00+00,CONCLUIDA,ITEM_INCORRETO,2024-05-25T15:00:00+00
4369,DEV-2024-000369,2024-06-12T15:00:00+00,CONCLUIDA,ATRASO,2024-06-14T15:00:00+00
4370,DEV-2024-000370,2024-07-29T15:00:00+00,CONCLUIDA,OUTRO,2024-07-31T15:00:00+00
4371,DEV-2024-000371,2024-08-18T15:00:00+00,CONCLUIDA,ARREPENDIMENTO,2024-08-20T15:00:00+00
4372,DEV-2024-000372,2024-10-05T15:00:00+00,CONCLUIDA,AVARIA,2024-10-07T15:00:00+00
4373,DEV-2024-000373,2024-10-24T15:00:00+00,CONCLUIDA,ITEM_INCORRETO,2024-10-26T15:00:00+00
4374,DEV-2024-000374,2024-11-13T15:00:00+00,CONCLUIDA,ATRASO,2024-11-15T15:00:00+00
4375,DEV-2024-000375,2024-11-30T15:00:00+00,CONCLUIDA,OUTRO,2024-12-02T15:00:00+00
4376,DEV-2024-000376,2024-12-19T15:00:00+00,CONCLUIDA,ARREPENDIMENTO,2024-12-21T15:00:00+00
4377,DEV-2024-000377,2024-02-05T15:00:00+00,CONCLUIDA,AVARIA,2024-02-07T15:00:00+00
4378,DEV-2024-000378,2024-02-25T15:00:00+00,CONCLUIDA,ITEM_INCORRETO,2024-02-27T15:00:00+00
4379,DEV-2024-000379,2024-03-14T15:00:00+00,CONCLUIDA,ATRASO,2024-03-16T15:00:00+00
4380,DEV-2024-000380,2024-05-01T15:00:00+00,CONCLUIDA,OUTRO,2024-05-03T15:00:00+00
4381,DEV-2024-000381,2024-05-20T15:00:00+00,CONCLUIDA,ARREPENDIMENTO,2024-05-22T15:00:00+00
4382,DEV-2024-000382,2024-07-07T15:00:00+00,CONCLUIDA,AVARIA,2024-07-09T15:00:00+00
4383,DEV-2024-000383,2024-07-26T15:00:00+00,CONCLUIDA,ITEM_INCORRETO,2024-07-28T15:00:00+00
4384,DEV-2024-000384,2024-08-15T15:00:00+00,CONCLUIDA,ATRASO,2024-08-17T15:00:00+00
4385,DEV-2024-000385,2024-10-02T15:00:00+00,CONCLUIDA,OUTRO,2024-10-04T15:00:00+00
4386,DEV-2024-000386,2024-10-21T15:00:00+00,CONCLUIDA,ARREPENDIMENTO,2024-10-23T15:00:00+00
4387,DEV-2024-000387,2024-11-10T15:00:00+00,CONCLUIDA,AVARIA,2024-11-12T15:00:00+00
4388,DEV-2024-000388,2024-11-27T15:00:00+00,CONCLUIDA,ITEM_INCORRETO,2024-11-29T15:00:00+00
4389,DEV-2024-000389,2024-12-16T15:00:00+00,CONCLUIDA,ATRASO,2024-12-18T15:00:00+00
4390,DEV-2024-000390,2024-02-02T15:00:00+00,CONCLUIDA,OUTRO,2024-02-04T15:00:00+00
4391,DEV-2024-000391,2024-02-22T15:00:00+00,CONCLUIDA,ARREPENDIMENTO,2024-02-24T15:00:00+00
4392,DEV-2024-000392,2024-03-11T15:00:00+00,CONCLUIDA,AVARIA,2024-03-13T15:00:00+00
4393,DEV-2024-000393,2024-04-28T15:00:00+00,CONCLUIDA,ITEM_INCORRETO,2024-04-30T15:00:00+00
4394,DEV-2024-000394,2024-05-17T15:00:00+00,CONCLUIDA,ATRASO,2024-05-19T15:00:00+00
4395,DEV-2024-000395,2024-07-04T15:00:00+00,CONCLUIDA,OUTRO,2024-07-06T15:00:00+00
4396,DEV-2024-000396,2024-07-23T15:00:00+00,CONCLUIDA,ARREPENDIMENTO,2024-07-25T15:00:00+00
4397,DEV-2024-000397,2024-08-12T15:00:00+00,CONCLUIDA,AVARIA,2024-08-14T15:00:00+00
4398,DEV-2024-000398,2024-09-29T15:00:00+00,CONCLUIDA,ITEM_INCORRETO,2024-10-01T15:00:00+00
4399,DEV-2024-000399,2024-10-18T15:00:00+00,CONCLUIDA,ATRASO,2024-10-20T15:00:00+00
4400,DEV-2024-000400,2024-12-05T15:00:00+00,CONCLUIDA,OUTRO,2024-12-07T15:00:00+00
4401,DEV-2024-000401,2024-11-24T15:00:00+00,CONCLUIDA,ARREPENDIMENTO,2024-11-26T15:00:00+00
4402,DEV-2024-000402,2024-12-13T15:00:00+00,CONCLUIDA,AVARIA,2024-12-15T15:00:00+00
4403,DEV-2024-000403,2024-01-30T15:00:00+00,CONCLUIDA,ITEM_INCORRETO,2024-02-01T15:00:00+00
4404,DEV-2024-000404,2024-02-19T15:00:00+00,CONCLUIDA,ATRASO,2024-02-21T15:00:00+00
4405,DEV-2024-000405,2024-04-05T15:00:00+00,CONCLUIDA,OUTRO,2024-04-07T15:00:00+00
4406,DEV-2024-000406,2024-04-25T15:00:00+00,CONCLUIDA,ARREPENDIMENTO,2024-04-27T15:00:00+00
4407,DEV-2024-000407,2024-05-14T15:00:00+00,CONCLUIDA,AVARIA,2024-05-16T15:00:00+00
4408,DEV-2024-000408,2024-07-01T15:00:00+00,CONCLUIDA,ITEM_INCORRETO,2024-07-03T15:00:00+00
4409,DEV-2024-000409,2024-07-20T15:00:00+00,CONCLUIDA,ATRASO,2024-07-22T15:00:00+00
4410,DEV-2024-000410,2024-09-06T15:00:00+00,CONCLUIDA,OUTRO,2024-09-08T15:00:00+00
4411,DEV-2024-000411,2024-09-26T15:00:00+00,CONCLUIDA,ARREPENDIMENTO,2024-09-28T15:00:00+00
4412,DEV-2024-000412,2024-10-15T15:00:00+00,CONCLUIDA,AVARIA,2024-10-17T15:00:00+00
4413,DEV-2024-000413,2024-12-02T15:00:00+00,CONCLUIDA,ITEM_INCORRETO,2024-12-04T15:00:00+00
4414,DEV-2024-000414,2024-11-21T15:00:00+00,CONCLUIDA,ATRASO,2024-11-23T15:00:00+00
4415,DEV-2024-000415,2024-12-10T15:00:00+00,CONCLUIDA,OUTRO,2024-12-12T15:00:00+00
4416,DEV-2024-000416,2024-01-27T15:00:00+00,CONCLUIDA,ARREPENDIMENTO,2024-01-29T15:00:00+00
4417,DEV-2024-000417,2024-02-16T15:00:00+00,CONCLUIDA,AVARIA,2024-02-18T15:00:00+00
4418,DEV-2024-000418,2024-04-02T15:00:00+00,CONCLUIDA,ITEM_INCORRETO,2024-04-04T15:00:00+00
4419,DEV-2024-000419,2024-04-22T15:00:00+00,CONCLUIDA,ATRASO,2024-04-24T15:00:00+00
4420,DEV-2024-000420,2024-05-11T15:00:00+00,CONCLUIDA,OUTRO,2024-05-13T15:00:00+00
4421,DEV-2024-000421,2024-06-28T15:00:00+00,CONCLUIDA,ARREPENDIMENTO,2024-06-30T15:00:00+00
4422,DEV-2024-000422,2024-07-17T15:00:00+00,CONCLUIDA,AVARIA,2024-07-19T15:00:00+00
4423,DEV-2024-000423,2024-09-03T15:00:00+00,CONCLUIDA,ITEM_INCORRETO,2024-09-05T15:00:00+00
4424,DEV-2024-000424,2024-09-23T15:00:00+00,CONCLUIDA,ATRASO,2024-09-25T15:00:00+00
4425,DEV-2024-000425,2024-10-12T15:00:00+00,CONCLUIDA,OUTRO,2024-10-14T15:00:00+00
4426,DEV-2024-000426,2024-11-29T15:00:00+00,CONCLUIDA,ARREPENDIMENTO,2024-12-01T15:00:00+00
4427,DEV-2024-000427,2024-11-18T15:00:00+00,CONCLUIDA,AVARIA,2024-11-20T15:00:00+00
4428,DEV-2025-000428,2025-01-04T15:00:00+00,CONCLUIDA,ITEM_INCORRETO,2025-01-06T15:00:00+00
4429,DEV-2024-000429,2024-01-24T15:00:00+00,CONCLUIDA,ATRASO,2024-01-26T15:00:00+00
4430,DEV-2024-000430,2024-02-13T15:00:00+00,CONCLUIDA,OUTRO,2024-02-15T15:00:00+00
4431,DEV-2024-000431,2024-03-30T15:00:00+00,CONCLUIDA,ARREPENDIMENTO,2024-04-01T15:00:00+00
4432,DEV-2024-000432,2024-04-19T15:00:00+00,CONCLUIDA,AVARIA,2024-04-21T15:00:00+00
4433,DEV-2024-000433,2024-06-05T15:00:00+00,CONCLUIDA,ITEM_INCORRETO,2024-06-07T15:00:00+00
4434,DEV-2024-000434,2024-06-25T15:00:00+00,CONCLUIDA,ATRASO,2024-06-27T15:00:00+00
4435,DEV-2024-000435,2024-07-14T15:00:00+00,CONCLUIDA,OUTRO,2024-07-16T15:00:00+00
4436,DEV-2024-000436,2024-08-31T15:00:00+00,CONCLUIDA,ARREPENDIMENTO,2024-09-02T15:00:00+00
4437,DEV-2024-000437,2024-09-20T15:00:00+00,CONCLUIDA,AVARIA,2024-09-22T15:00:00+00
4438,DEV-2024-000438,2024-11-06T15:00:00+00,CONCLUIDA,ITEM_INCORRETO,2024-11-08T15:00:00+00
4439,DEV-2024-000439,2024-11-26T15:00:00+00,CONCLUIDA,ATRASO,2024-11-28T15:00:00+00
4440,DEV-2024-000440,2024-11-15T15:00:00+00,CONCLUIDA,OUTRO,2024-11-17T15:00:00+00
4441,DEV-2025-000441,2025-01-01T15:00:00+00,CONCLUIDA,ARREPENDIMENTO,2025-01-03T15:00:00+00
4442,DEV-2024-000442,2024-01-21T15:00:00+00,CONCLUIDA,AVARIA,2024-01-23T15:00:00+00
4443,DEV-2024-000443,2024-02-10T15:00:00+00,CONCLUIDA,ITEM_INCORRETO,2024-02-12T15:00:00+00
4444,DEV-2024-000444,2024-03-27T15:00:00+00,CONCLUIDA,ATRASO,2024-03-29T15:00:00+00
4445,DEV-2024-000445,2024-04-16T15:00:00+00,CONCLUIDA,OUTRO,2024-04-18T15:00:00+00
4446,DEV-2024-000446,2024-06-02T15:00:00+00,CONCLUIDA,ARREPENDIMENTO,2024-06-04T15:00:00+00
4447,DEV-2024-000447,2024-06-22T15:00:00+00,CONCLUIDA,AVARIA,2024-06-24T15:00:00+00
4448,DEV-2024-000448,2024-07-11T15:00:00+00,CONCLUIDA,ITEM_INCORRETO,2024-07-13T15:00:00+00
4449,DEV-2024-000449,2024-08-28T15:00:00+00,CONCLUIDA,ATRASO,2024-08-30T15:00:00+00
4450,DEV-2024-000450,2024-09-17T15:00:00+00,CONCLUIDA,OUTRO,2024-09-19T15:00:00+00
4451,DEV-2024-000451,2024-11-03T15:00:00+00,CONCLUIDA,ARREPENDIMENTO,2024-11-05T15:00:00+00
4452,DEV-2024-000452,2024-11-23T15:00:00+00,CONCLUIDA,AVARIA,2024-11-25T15:00:00+00
4453,DEV-2024-000453,2024-11-12T15:00:00+00,CONCLUIDA,ITEM_INCORRETO,2024-11-14T15:00:00+00
4454,DEV-2024-000454,2024-12-29T15:00:00+00,CONCLUIDA,ATRASO,2024-12-31T15:00:00+00
4455,DEV-2024-000455,2024-01-18T15:00:00+00,CONCLUIDA,OUTRO,2024-01-20T15:00:00+00
4456,DEV-2024-000456,2024-03-06T15:00:00+00,CONCLUIDA,ARREPENDIMENTO,2024-03-08T15:00:00+00
4457,DEV-2024-000457,2024-03-24T15:00:00+00,CONCLUIDA,AVARIA,2024-03-26T15:00:00+00
4458,DEV-2024-000458,2024-04-13T15:00:00+00,CONCLUIDA,ITEM_INCORRETO,2024-04-15T15:00:00+00
4459,DEV-2024-000459,2024-05-30T15:00:00+00,CONCLUIDA,ATRASO,2024-06-01T15:00:00+00
4460,DEV-2024-000460,2024-06-19T15:00:00+00,CONCLUIDA,OUTRO,2024-06-21T15:00:00+00
4461,DEV-2024-000461,2024-08-05T15:00:00+00,CONCLUIDA,ARREPENDIMENTO,2024-08-07T15:00:00+00
4462,DEV-2024-000462,2024-08-25T15:00:00+00,CONCLUIDA,AVARIA,2024-08-27T15:00:00+00
4463,DEV-2024-000463,2024-09-14T15:00:00+00,CONCLUIDA,ITEM_INCORRETO,2024-09-16T15:00:00+00
4464,DEV-2024-000464,2024-10-31T15:00:00+00,CONCLUIDA,ATRASO,2024-11-02T15:00:00+00
4465,DEV-2024-000465,2024-11-20T15:00:00+00,CONCLUIDA,OUTRO,2024-11-22T15:00:00+00
4466,DEV-2024-000466,2024-12-07T15:00:00+00,CONCLUIDA,ARREPENDIMENTO,2024-12-09T15:00:00+00
4467,DEV-2024-000467,2024-12-26T15:00:00+00,CONCLUIDA,AVARIA,2024-12-28T15:00:00+00
4468,DEV-2024-000468,2024-01-15T15:00:00+00,CONCLUIDA,ITEM_INCORRETO,2024-01-17T15:00:00+00
4469,DEV-2024-000469,2024-03-03T15:00:00+00,CONCLUIDA,ATRASO,2024-03-05T15:00:00+00
4470,DEV-2024-000470,2024-03-21T15:00:00+00,CONCLUIDA,OUTRO,2024-03-23T15:00:00+00
4471,DEV-2024-000471,2024-04-10T15:00:00+00,CONCLUIDA,ARREPENDIMENTO,2024-04-12T15:00:00+00
4472,DEV-2024-000472,2024-05-27T15:00:00+00,CONCLUIDA,AVARIA,2024-05-29T15:00:00+00
4473,DEV-2024-000473,2024-06-16T15:00:00+00,CONCLUIDA,ITEM_INCORRETO,2024-06-18T15:00:00+00
4474,DEV-2024-000474,2024-08-02T15:00:00+00,CONCLUIDA,ATRASO,2024-08-04T15:00:00+00
4475,DEV-2024-000475,2024-08-22T15:00:00+00,CONCLUIDA,OUTRO,2024-08-24T15:00:00+00
4476,DEV-2024-000476,2024-09-11T15:00:00+00,CONCLUIDA,ARREPENDIMENTO,2024-09-13T15:00:00+00
4477,DEV-2024-000477,2024-10-28T15:00:00+00,CONCLUIDA,AVARIA,2024-10-30T15:00:00+00
4478,DEV-2024-000478,2024-11-17T15:00:00+00,CONCLUIDA,ITEM_INCORRETO,2024-11-19T15:00:00+00
4479,DEV-2024-000479,2024-12-04T15:00:00+00,CONCLUIDA,ATRASO,2024-12-06T15:00:00+00
4480,DEV-2024-000480,2024-12-23T15:00:00+00,CONCLUIDA,OUTRO,2024-12-25T15:00:00+00
4481,DEV-2024-000481,2024-01-12T15:00:00+00,CONCLUIDA,ARREPENDIMENTO,2024-01-14T15:00:00+00
4482,DEV-2024-000482,2024-02-29T15:00:00+00,CONCLUIDA,AVARIA,2024-03-02T15:00:00+00
4483,DEV-2024-000483,2024-03-18T15:00:00+00,CONCLUIDA,ITEM_INCORRETO,2024-03-20T15:00:00+00
4484,DEV-2024-000484,2024-05-05T15:00:00+00,CONCLUIDA,ATRASO,2024-05-07T15:00:00+00
4485,DEV-2024-000485,2024-05-24T15:00:00+00,CONCLUIDA,OUTRO,2024-05-26T15:00:00+00
4486,DEV-2024-000486,2024-06-13T15:00:00+00,CONCLUIDA,ARREPENDIMENTO,2024-06-15T15:00:00+00
4487,DEV-2024-000487,2024-07-30T15:00:00+00,CONCLUIDA,AVARIA,2024-08-01T15:00:00+00
4488,DEV-2024-000488,2024-08-19T15:00:00+00,CONCLUIDA,ITEM_INCORRETO,2024-08-21T15:00:00+00
4489,DEV-2024-000489,2024-10-06T15:00:00+00,CONCLUIDA,ATRASO,2024-10-08T15:00:00+00
4490,DEV-2024-000490,2024-10-25T15:00:00+00,CONCLUIDA,OUTRO,2024-10-27T15:00:00+00
4491,DEV-2024-000491,2024-11-14T15:00:00+00,CONCLUIDA,ARREPENDIMENTO,2024-11-16T15:00:00+00
4492,DEV-2024-000492,2024-12-01T15:00:00+00,CONCLUIDA,AVARIA,2024-12-03T15:00:00+00
4493,DEV-2024-000493,2024-12-20T15:00:00+00,CONCLUIDA,ITEM_INCORRETO,2024-12-22T15:00:00+00
4494,DEV-2024-000494,2024-02-06T15:00:00+00,CONCLUIDA,ATRASO,2024-02-08T15:00:00+00
4495,DEV-2024-000495,2024-02-26T15:00:00+00,CONCLUIDA,OUTRO,2024-02-28T15:00:00+00
4496,DEV-2024-000496,2024-03-15T15:00:00+00,CONCLUIDA,ARREPENDIMENTO,2024-03-17T15:00:00+00
4497,DEV-2024-000497,2024-05-02T15:00:00+00,CONCLUIDA,AVARIA,2024-05-04T15:00:00+00
4498,DEV-2024-000498,2024-05-21T15:00:00+00,CONCLUIDA,ITEM_INCORRETO,2024-05-23T15:00:00+00
4499,DEV-2024-000499,2024-06-10T15:00:00+00,CONCLUIDA,ATRASO,2024-06-12T15:00:00+00
4500,DEV-2024-000500,2024-07-27T15:00:00+00,CONCLUIDA,OUTRO,2024-07-29T15:00:00+00
4501,DEV-2024-000501,2024-08-16T15:00:00+00,CONCLUIDA,ARREPENDIMENTO,2024-08-18T15:00:00+00
4502,DEV-2024-000502,2024-10-03T15:00:00+00,CONCLUIDA,AVARIA,2024-10-05T15:00:00+00
4503,DEV-2024-000503,2024-10-22T15:00:00+00,CONCLUIDA,ITEM_INCORRETO,2024-10-24T15:00:00+00
4504,DEV-2024-000504,2024-11-11T15:00:00+00,CONCLUIDA,ATRASO,2024-11-13T15:00:00+00
4505,DEV-2024-000505,2024-11-28T15:00:00+00,CONCLUIDA,OUTRO,2024-11-30T15:00:00+00
4506,DEV-2024-000506,2024-12-17T15:00:00+00,CONCLUIDA,ARREPENDIMENTO,2024-12-19T15:00:00+00
4507,DEV-2024-000507,2024-02-03T15:00:00+00,CONCLUIDA,AVARIA,2024-02-05T15:00:00+00
4508,DEV-2024-000508,2024-02-23T15:00:00+00,CONCLUIDA,ITEM_INCORRETO,2024-02-25T15:00:00+00
4509,DEV-2024-000509,2024-03-12T15:00:00+00,CONCLUIDA,ATRASO,2024-03-14T15:00:00+00
4510,DEV-2024-000510,2024-04-29T15:00:00+00,CONCLUIDA,OUTRO,2024-05-01T15:00:00+00
4511,DEV-2024-000511,2024-05-18T15:00:00+00,CONCLUIDA,ARREPENDIMENTO,2024-05-20T15:00:00+00
4512,DEV-2024-000512,2024-07-05T15:00:00+00,CONCLUIDA,AVARIA,2024-07-07T15:00:00+00
4513,DEV-2024-000513,2024-07-24T15:00:00+00,CONCLUIDA,ITEM_INCORRETO,2024-07-26T15:00:00+00
4514,DEV-2024-000514,2024-08-13T15:00:00+00,CONCLUIDA,ATRASO,2024-08-15T15:00:00+00
4515,DEV-2024-000515,2024-09-30T15:00:00+00,CONCLUIDA,OUTRO,2024-10-02T15:00:00+00
4516,DEV-2024-000516,2024-10-19T15:00:00+00,CONCLUIDA,ARREPENDIMENTO,2024-10-21T15:00:00+00
4517,DEV-2024-000517,2024-12-06T15:00:00+00,CONCLUIDA,AVARIA,2024-12-08T15:00:00+00
4518,DEV-2024-000518,2024-11-25T15:00:00+00,CONCLUIDA,ITEM_INCORRETO,2024-11-27T15:00:00+00
4519,DEV-2024-000519,2024-12-14T15:00:00+00,CONCLUIDA,ATRASO,2024-12-16T15:00:00+00
4520,DEV-2024-000520,2024-01-31T15:00:00+00,CONCLUIDA,OUTRO,2024-02-02T15:00:00+00
4521,DEV-2024-000521,2024-02-20T15:00:00+00,CONCLUIDA,ARREPENDIMENTO,2024-02-22T15:00:00+00
4522,DEV-2024-000522,2024-04-06T15:00:00+00,CONCLUIDA,AVARIA,2024-04-08T15:00:00+00
4523,DEV-2024-000523,2024-04-26T15:00:00+00,CONCLUIDA,ITEM_INCORRETO,2024-04-28T15:00:00+00
4524,DEV-2024-000524,2024-05-15T15:00:00+00,CONCLUIDA,ATRASO,2024-05-17T15:00:00+00
4525,DEV-2024-000525,2024-07-02T15:00:00+00,CONCLUIDA,OUTRO,2024-07-04T15:00:00+00
4526,DEV-2024-000526,2024-07-21T15:00:00+00,CONCLUIDA,ARREPENDIMENTO,2024-07-23T15:00:00+00
4527,DEV-2024-000527,2024-08-10T15:00:00+00,CONCLUIDA,AVARIA,2024-08-12T15:00:00+00
4528,DEV-2024-000528,2024-09-27T15:00:00+00,CONCLUIDA,ITEM_INCORRETO,2024-09-29T15:00:00+00
4529,DEV-2024-000529,2024-10-16T15:00:00+00,CONCLUIDA,ATRASO,2024-10-18T15:00:00+00
4530,DEV-2024-000530,2024-12-03T15:00:00+00,CONCLUIDA,OUTRO,2024-12-05T15:00:00+00
4531,DEV-2024-000531,2024-11-22T15:00:00+00,CONCLUIDA,ARREPENDIMENTO,2024-11-24T15:00:00+00
4532,DEV-2024-000532,2024-12-11T15:00:00+00,CONCLUIDA,AVARIA,2024-12-13T15:00:00+00
4533,DEV-2024-000533,2024-01-28T15:00:00+00,CONCLUIDA,ITEM_INCORRETO,2024-01-30T15:00:00+00
4534,DEV-2024-000534,2024-02-17T15:00:00+00,CONCLUIDA,ATRASO,2024-02-19T15:00:00+00
4535,DEV-2024-000535,2024-04-03T15:00:00+00,CONCLUIDA,OUTRO,2024-04-05T15:00:00+00
4536,DEV-2024-000536,2024-04-23T15:00:00+00,CONCLUIDA,ARREPENDIMENTO,2024-04-25T15:00:00+00
4537,DEV-2024-000537,2024-05-12T15:00:00+00,CONCLUIDA,AVARIA,2024-05-14T15:00:00+00
4538,DEV-2024-000538,2024-06-29T15:00:00+00,CONCLUIDA,ITEM_INCORRETO,2024-07-01T15:00:00+00
4539,DEV-2024-000539,2024-07-18T15:00:00+00,CONCLUIDA,ATRASO,2024-07-20T15:00:00+00
4540,DEV-2024-000540,2024-09-04T15:00:00+00,CONCLUIDA,OUTRO,2024-09-06T15:00:00+00
4541,DEV-2024-000541,2024-09-24T15:00:00+00,CONCLUIDA,ARREPENDIMENTO,2024-09-26T15:00:00+00
4542,DEV-2024-000542,2024-10-13T15:00:00+00,CONCLUIDA,AVARIA,2024-10-15T15:00:00+00
4543,DEV-2024-000543,2024-11-30T15:00:00+00,CONCLUIDA,ITEM_INCORRETO,2024-12-02T15:00:00+00
4544,DEV-2024-000544,2024-11-19T15:00:00+00,CONCLUIDA,ATRASO,2024-11-21T15:00:00+00
4545,DEV-2025-000545,2025-01-05T15:00:00+00,CONCLUIDA,OUTRO,2025-01-07T15:00:00+00
4546,DEV-2024-000546,2024-01-25T15:00:00+00,CONCLUIDA,ARREPENDIMENTO,2024-01-27T15:00:00+00
4547,DEV-2024-000547,2024-02-14T15:00:00+00,CONCLUIDA,AVARIA,2024-02-16T15:00:00+00
4548,DEV-2024-000548,2024-03-31T15:00:00+00,CONCLUIDA,ITEM_INCORRETO,2024-04-02T15:00:00+00
4549,DEV-2024-000549,2024-04-20T15:00:00+00,CONCLUIDA,ATRASO,2024-04-22T15:00:00+00
4550,DEV-2024-000550,2024-06-06T15:00:00+00,CONCLUIDA,OUTRO,2024-06-08T15:00:00+00
4551,DEV-2024-000551,2024-06-26T15:00:00+00,CONCLUIDA,ARREPENDIMENTO,2024-06-28T15:00:00+00
4552,DEV-2024-000552,2024-07-15T15:00:00+00,CONCLUIDA,AVARIA,2024-07-17T15:00:00+00
4553,DEV-2024-000553,2024-09-01T15:00:00+00,CONCLUIDA,ITEM_INCORRETO,2024-09-03T15:00:00+00
4554,DEV-2024-000554,2024-09-21T15:00:00+00,CONCLUIDA,ATRASO,2024-09-23T15:00:00+00
4555,DEV-2024-000555,2024-10-10T15:00:00+00,CONCLUIDA,OUTRO,2024-10-12T15:00:00+00
4556,DEV-2024-000556,2024-11-27T15:00:00+00,CONCLUIDA,ARREPENDIMENTO,2024-11-29T15:00:00+00
4557,DEV-2024-000557,2024-11-16T15:00:00+00,CONCLUIDA,AVARIA,2024-11-18T15:00:00+00
4558,DEV-2025-000558,2025-01-02T15:00:00+00,CONCLUIDA,ITEM_INCORRETO,2025-01-04T15:00:00+00
4559,DEV-2024-000559,2024-01-22T15:00:00+00,CONCLUIDA,ATRASO,2024-01-24T15:00:00+00
4560,DEV-2024-000560,2024-02-11T15:00:00+00,CONCLUIDA,OUTRO,2024-02-13T15:00:00+00
4561,DEV-2024-000561,2024-03-28T15:00:00+00,CONCLUIDA,ARREPENDIMENTO,2024-03-30T15:00:00+00
4562,DEV-2024-000562,2024-04-17T15:00:00+00,CONCLUIDA,AVARIA,2024-04-19T15:00:00+00
4563,DEV-2024-000563,2024-06-03T15:00:00+00,CONCLUIDA,ITEM_INCORRETO,2024-06-05T15:00:00+00
4564,DEV-2024-000564,2024-06-23T15:00:00+00,CONCLUIDA,ATRASO,2024-06-25T15:00:00+00
4565,DEV-2024-000565,2024-07-12T15:00:00+00,CONCLUIDA,OUTRO,2024-07-14T15:00:00+00
4566,DEV-2024-000566,2024-08-29T15:00:00+00,CONCLUIDA,ARREPENDIMENTO,2024-08-31T15:00:00+00
4567,DEV-2024-000567,2024-09-18T15:00:00+00,CONCLUIDA,AVARIA,2024-09-20T15:00:00+00
4568,DEV-2024-000568,2024-11-04T15:00:00+00,CONCLUIDA,ITEM_INCORRETO,2024-11-06T15:00:00+00
4569,DEV-2024-000569,2024-11-24T15:00:00+00,CONCLUIDA,ATRASO,2024-11-26T15:00:00+00
4570,DEV-2024-000570,2024-11-13T15:00:00+00,CONCLUIDA,OUTRO,2024-11-15T15:00:00+00
4571,DEV-2024-000571,2024-12-30T15:00:00+00,CONCLUIDA,ARREPENDIMENTO,2025-01-01T15:00:00+00
4572,DEV-2024-000572,2024-01-19T15:00:00+00,CONCLUIDA,AVARIA,2024-01-21T15:00:00+00
4573,DEV-2024-000573,2024-03-07T15:00:00+00,CONCLUIDA,ITEM_INCORRETO,2024-03-09T15:00:00+00
4574,DEV-2024-000574,2024-03-25T15:00:00+00,CONCLUIDA,ATRASO,2024-03-27T15:00:00+00
4575,DEV-2024-000575,2024-04-14T15:00:00+00,CONCLUIDA,OUTRO,2024-04-16T15:00:00+00
4576,DEV-2024-000576,2024-05-31T15:00:00+00,CONCLUIDA,ARREPENDIMENTO,2024-06-02T15:00:00+00
4577,DEV-2024-000577,2024-06-20T15:00:00+00,CONCLUIDA,AVARIA,2024-06-22T15:00:00+00
4578,DEV-2024-000578,2024-08-06T15:00:00+00,CONCLUIDA,ITEM_INCORRETO,2024-08-08T15:00:00+00
4579,DEV-2024-000579,2024-08-26T15:00:00+00,CONCLUIDA,ATRASO,2024-08-28T15:00:00+00
4580,DEV-2024-000580,2024-09-15T15:00:00+00,CONCLUIDA,OUTRO,2024-09-17T15:00:00+00
4581,DEV-2024-000581,2024-11-01T15:00:00+00,CONCLUIDA,ARREPENDIMENTO,2024-11-03T15:00:00+00
4582,DEV-2024-000582,2024-11-21T15:00:00+00,CONCLUIDA,AVARIA,2024-11-23T15:00:00+00
4583,DEV-2024-000583,2024-11-10T15:00:00+00,CONCLUIDA,ITEM_INCORRETO,2024-11-12T15:00:00+00
4584,DEV-2024-000584,2024-12-27T15:00:00+00,CONCLUIDA,ATRASO,2024-12-29T15:00:00+00
4585,DEV-2024-000585,2024-01-16T15:00:00+00,CONCLUIDA,OUTRO,2024-01-18T15:00:00+00
4586,DEV-2024-000586,2024-03-04T15:00:00+00,CONCLUIDA,ARREPENDIMENTO,2024-03-06T15:00:00+00
4587,DEV-2024-000587,2024-03-22T15:00:00+00,CONCLUIDA,AVARIA,2024-03-24T15:00:00+00
4588,DEV-2024-000588,2024-04-11T15:00:00+00,CONCLUIDA,ITEM_INCORRETO,2024-04-13T15:00:00+00
4589,DEV-2024-000589,2024-05-28T15:00:00+00,CONCLUIDA,ATRASO,2024-05-30T15:00:00+00
4590,DEV-2024-000590,2024-06-17T15:00:00+00,CONCLUIDA,OUTRO,2024-06-19T15:00:00+00
4591,DEV-2024-000591,2024-08-03T15:00:00+00,CONCLUIDA,ARREPENDIMENTO,2024-08-05T15:00:00+00
4592,DEV-2024-000592,2024-08-23T15:00:00+00,CONCLUIDA,AVARIA,2024-08-25T15:00:00+00
4593,DEV-2024-000593,2024-09-12T15:00:00+00,CONCLUIDA,ITEM_INCORRETO,2024-09-14T15:00:00+00
4594,DEV-2024-000594,2024-10-29T15:00:00+00,CONCLUIDA,ATRASO,2024-10-31T15:00:00+00
4595,DEV-2024-000595,2024-11-18T15:00:00+00,CONCLUIDA,OUTRO,2024-11-20T15:00:00+00
4596,DEV-2024-000596,2024-12-05T15:00:00+00,CONCLUIDA,ARREPENDIMENTO,2024-12-07T15:00:00+00
4597,DEV-2024-000597,2024-12-24T15:00:00+00,CONCLUIDA,AVARIA,2024-12-26T15:00:00+00
4598,DEV-2024-000598,2024-01-13T15:00:00+00,CONCLUIDA,ITEM_INCORRETO,2024-01-15T15:00:00+00
4599,DEV-2024-000599,2024-03-01T15:00:00+00,CONCLUIDA,ATRASO,2024-03-03T15:00:00+00
4600,DEV-2024-000600,2024-03-19T15:00:00+00,CONCLUIDA,OUTRO,2024-03-21T15:00:00+00
4601,DEV-2024-000601,2024-05-06T15:00:00+00,RECUSADA,ARREPENDIMENTO,2024-05-08T15:00:00+00
4602,DEV-2024-000602,2024-05-25T15:00:00+00,RECUSADA,AVARIA,2024-05-27T15:00:00+00
4603,DEV-2024-000603,2024-06-14T15:00:00+00,RECUSADA,ITEM_INCORRETO,2024-06-16T15:00:00+00
4604,DEV-2024-000604,2024-07-31T15:00:00+00,RECUSADA,ATRASO,2024-08-02T15:00:00+00
4605,DEV-2024-000605,2024-08-20T15:00:00+00,RECUSADA,OUTRO,2024-08-22T15:00:00+00
4606,DEV-2024-000606,2024-10-07T15:00:00+00,RECUSADA,ARREPENDIMENTO,2024-10-09T15:00:00+00
4607,DEV-2024-000607,2024-10-26T15:00:00+00,RECUSADA,AVARIA,2024-10-28T15:00:00+00
4608,DEV-2024-000608,2024-11-15T15:00:00+00,RECUSADA,ITEM_INCORRETO,2024-11-17T15:00:00+00
4609,DEV-2024-000609,2024-12-02T15:00:00+00,RECUSADA,ATRASO,2024-12-04T15:00:00+00
4610,DEV-2024-000610,2024-12-21T15:00:00+00,RECUSADA,OUTRO,2024-12-23T15:00:00+00
4611,DEV-2024-000611,2024-01-10T15:00:00+00,RECUSADA,ARREPENDIMENTO,2024-01-12T15:00:00+00
4612,DEV-2024-000612,2024-02-27T15:00:00+00,RECUSADA,AVARIA,2024-02-29T15:00:00+00
4613,DEV-2024-000613,2024-03-16T15:00:00+00,RECUSADA,ITEM_INCORRETO,2024-03-18T15:00:00+00
4614,DEV-2024-000614,2024-05-03T15:00:00+00,RECUSADA,ATRASO,2024-05-05T15:00:00+00
4615,DEV-2024-000615,2024-05-22T15:00:00+00,RECUSADA,OUTRO,2024-05-24T15:00:00+00
4616,DEV-2024-000616,2024-06-11T15:00:00+00,RECUSADA,ARREPENDIMENTO,2024-06-13T15:00:00+00
4617,DEV-2024-000617,2024-07-28T15:00:00+00,RECUSADA,AVARIA,2024-07-30T15:00:00+00
4618,DEV-2024-000618,2024-08-17T15:00:00+00,RECUSADA,ITEM_INCORRETO,2024-08-19T15:00:00+00
4619,DEV-2024-000619,2024-10-04T15:00:00+00,RECUSADA,ATRASO,2024-10-06T15:00:00+00
4620,DEV-2024-000620,2024-10-23T15:00:00+00,RECUSADA,OUTRO,2024-10-25T15:00:00+00
4621,DEV-2024-000621,2024-11-12T15:00:00+00,RECUSADA,ARREPENDIMENTO,2024-11-14T15:00:00+00
4622,DEV-2024-000622,2024-11-29T15:00:00+00,RECUSADA,AVARIA,2024-12-01T15:00:00+00
4623,DEV-2024-000623,2024-12-18T15:00:00+00,RECUSADA,ITEM_INCORRETO,2024-12-20T15:00:00+00
4624,DEV-2024-000624,2024-02-04T15:00:00+00,RECUSADA,ATRASO,2024-02-06T15:00:00+00
4625,DEV-2024-000625,2024-02-24T15:00:00+00,RECUSADA,OUTRO,2024-02-26T15:00:00+00
4626,DEV-2024-000626,2024-03-13T15:00:00+00,RECUSADA,ARREPENDIMENTO,2024-03-15T15:00:00+00
4627,DEV-2024-000627,2024-04-30T15:00:00+00,RECUSADA,AVARIA,2024-05-02T15:00:00+00
4628,DEV-2024-000628,2024-05-19T15:00:00+00,RECUSADA,ITEM_INCORRETO,2024-05-21T15:00:00+00
4629,DEV-2024-000629,2024-07-06T15:00:00+00,RECUSADA,ATRASO,2024-07-08T15:00:00+00
4630,DEV-2024-000630,2024-07-25T15:00:00+00,RECUSADA,OUTRO,2024-07-27T15:00:00+00
4631,DEV-2024-000631,2024-08-14T15:00:00+00,RECUSADA,ARREPENDIMENTO,2024-08-16T15:00:00+00
4632,DEV-2024-000632,2024-10-01T15:00:00+00,RECUSADA,AVARIA,2024-10-03T15:00:00+00
4633,DEV-2024-000633,2024-10-20T15:00:00+00,RECUSADA,ITEM_INCORRETO,2024-10-22T15:00:00+00
4634,DEV-2024-000634,2024-12-07T15:00:00+00,RECUSADA,ATRASO,2024-12-09T15:00:00+00
4635,DEV-2024-000635,2024-11-26T15:00:00+00,RECUSADA,OUTRO,2024-11-28T15:00:00+00
4636,DEV-2024-000636,2024-12-15T15:00:00+00,RECUSADA,ARREPENDIMENTO,2024-12-17T15:00:00+00
4637,DEV-2024-000637,2024-02-01T15:00:00+00,RECUSADA,AVARIA,2024-02-03T15:00:00+00
4638,DEV-2024-000638,2024-02-21T15:00:00+00,RECUSADA,ITEM_INCORRETO,2024-02-23T15:00:00+00
4639,DEV-2024-000639,2024-03-10T15:00:00+00,RECUSADA,ATRASO,2024-03-12T15:00:00+00
4640,DEV-2024-000640,2024-04-27T15:00:00+00,RECUSADA,OUTRO,2024-04-29T15:00:00+00
4641,DEV-2024-000641,2024-05-16T15:00:00+00,RECUSADA,ARREPENDIMENTO,2024-05-18T15:00:00+00
4642,DEV-2024-000642,2024-07-03T15:00:00+00,RECUSADA,AVARIA,2024-07-05T15:00:00+00
4643,DEV-2024-000643,2024-07-22T15:00:00+00,RECUSADA,ITEM_INCORRETO,2024-07-24T15:00:00+00
4644,DEV-2024-000644,2024-08-11T15:00:00+00,RECUSADA,ATRASO,2024-08-13T15:00:00+00
4645,DEV-2024-000645,2024-09-28T15:00:00+00,RECUSADA,OUTRO,2024-09-30T15:00:00+00
4646,DEV-2024-000646,2024-10-17T15:00:00+00,RECUSADA,ARREPENDIMENTO,2024-10-19T15:00:00+00
4647,DEV-2024-000647,2024-12-04T15:00:00+00,RECUSADA,AVARIA,2024-12-06T15:00:00+00
4648,DEV-2024-000648,2024-11-23T15:00:00+00,RECUSADA,ITEM_INCORRETO,2024-11-25T15:00:00+00
4649,DEV-2024-000649,2024-12-12T15:00:00+00,RECUSADA,ATRASO,2024-12-14T15:00:00+00
4650,DEV-2024-000650,2024-01-29T15:00:00+00,RECUSADA,OUTRO,2024-01-31T15:00:00+00
4651,DEV-2024-000651,2024-02-18T15:00:00+00,RECUSADA,ARREPENDIMENTO,2024-02-20T15:00:00+00
4652,DEV-2024-000652,2024-04-04T15:00:00+00,RECUSADA,AVARIA,2024-04-06T15:00:00+00
4653,DEV-2024-000653,2024-04-24T15:00:00+00,RECUSADA,ITEM_INCORRETO,2024-04-26T15:00:00+00
4654,DEV-2024-000654,2024-05-13T15:00:00+00,RECUSADA,ATRASO,2024-05-15T15:00:00+00
4655,DEV-2024-000655,2024-06-30T15:00:00+00,RECUSADA,OUTRO,2024-07-02T15:00:00+00
4656,DEV-2024-000656,2024-07-19T15:00:00+00,RECUSADA,ARREPENDIMENTO,2024-07-21T15:00:00+00
4657,DEV-2024-000657,2024-09-05T15:00:00+00,RECUSADA,AVARIA,2024-09-07T15:00:00+00
4658,DEV-2024-000658,2024-09-25T15:00:00+00,RECUSADA,ITEM_INCORRETO,2024-09-27T15:00:00+00
4659,DEV-2024-000659,2024-10-14T15:00:00+00,RECUSADA,ATRASO,2024-10-16T15:00:00+00
4660,DEV-2024-000660,2024-12-01T15:00:00+00,RECUSADA,OUTRO,2024-12-03T15:00:00+00
4661,DEV-2024-000661,2024-11-20T15:00:00+00,RECUSADA,ARREPENDIMENTO,2024-11-22T15:00:00+00
4662,DEV-2025-000662,2025-01-06T15:00:00+00,RECUSADA,AVARIA,2025-01-08T15:00:00+00
4663,DEV-2024-000663,2024-01-26T15:00:00+00,RECUSADA,ITEM_INCORRETO,2024-01-28T15:00:00+00
4664,DEV-2024-000664,2024-02-15T15:00:00+00,RECUSADA,ATRASO,2024-02-17T15:00:00+00
4665,DEV-2024-000665,2024-04-01T15:00:00+00,RECUSADA,OUTRO,2024-04-03T15:00:00+00
4666,DEV-2024-000666,2024-04-21T15:00:00+00,RECUSADA,ARREPENDIMENTO,2024-04-23T15:00:00+00
4667,DEV-2024-000667,2024-05-10T15:00:00+00,RECUSADA,AVARIA,2024-05-12T15:00:00+00
4668,DEV-2024-000668,2024-06-27T15:00:00+00,RECUSADA,ITEM_INCORRETO,2024-06-29T15:00:00+00
4669,DEV-2024-000669,2024-07-16T15:00:00+00,RECUSADA,ATRASO,2024-07-18T15:00:00+00
4670,DEV-2024-000670,2024-09-02T15:00:00+00,RECUSADA,OUTRO,2024-09-04T15:00:00+00
4671,DEV-2024-000671,2024-09-22T15:00:00+00,RECUSADA,ARREPENDIMENTO,2024-09-24T15:00:00+00
4672,DEV-2024-000672,2024-10-11T15:00:00+00,RECUSADA,AVARIA,2024-10-13T15:00:00+00
4673,DEV-2024-000673,2024-11-28T15:00:00+00,SOLICITADA,ITEM_INCORRETO,
4674,DEV-2024-000674,2024-11-17T15:00:00+00,SOLICITADA,ATRASO,
4675,DEV-2025-000675,2025-01-03T15:00:00+00,SOLICITADA,OUTRO,
4676,DEV-2024-000676,2024-01-23T15:00:00+00,SOLICITADA,ARREPENDIMENTO,
4677,DEV-2024-000677,2024-02-12T15:00:00+00,SOLICITADA,AVARIA,
4678,DEV-2024-000678,2024-03-29T15:00:00+00,SOLICITADA,ITEM_INCORRETO,
4679,DEV-2024-000679,2024-04-18T15:00:00+00,SOLICITADA,ATRASO,
4680,DEV-2024-000680,2024-06-04T15:00:00+00,SOLICITADA,OUTRO,
4681,DEV-2024-000681,2024-06-24T15:00:00+00,SOLICITADA,ARREPENDIMENTO,
4682,DEV-2024-000682,2024-07-13T15:00:00+00,SOLICITADA,AVARIA,
4683,DEV-2024-000683,2024-08-30T15:00:00+00,SOLICITADA,ITEM_INCORRETO,
4684,DEV-2024-000684,2024-09-19T15:00:00+00,SOLICITADA,ATRASO,
4685,DEV-2024-000685,2024-11-05T15:00:00+00,SOLICITADA,OUTRO,
4686,DEV-2024-000686,2024-11-25T15:00:00+00,SOLICITADA,ARREPENDIMENTO,
4687,DEV-2024-000687,2024-11-14T15:00:00+00,SOLICITADA,AVARIA,
4688,DEV-2024-000688,2024-12-31T15:00:00+00,SOLICITADA,ITEM_INCORRETO,
4689,DEV-2024-000689,2024-01-20T15:00:00+00,SOLICITADA,ATRASO,
4690,DEV-2024-000690,2024-03-08T15:00:00+00,SOLICITADA,OUTRO,
4691,DEV-2024-000691,2024-03-26T15:00:00+00,SOLICITADA,ARREPENDIMENTO,
4692,DEV-2024-000692,2024-04-15T15:00:00+00,SOLICITADA,AVARIA,
4693,DEV-2024-000693,2024-06-01T15:00:00+00,SOLICITADA,ITEM_INCORRETO,
4694,DEV-2024-000694,2024-06-21T15:00:00+00,SOLICITADA,ATRASO,
4695,DEV-2024-000695,2024-07-10T15:00:00+00,SOLICITADA,OUTRO,
4696,DEV-2024-000696,2024-08-27T15:00:00+00,SOLICITADA,ARREPENDIMENTO,
4697,DEV-2024-000697,2024-09-16T15:00:00+00,SOLICITADA,AVARIA,
4698,DEV-2024-000698,2024-11-02T15:00:00+00,SOLICITADA,ITEM_INCORRETO,
4699,DEV-2024-000699,2024-11-22T15:00:00+00,SOLICITADA,ATRASO,
4700,DEV-2024-000700,2024-11-11T15:00:00+00,SOLICITADA,OUTRO,
4701,DEV-2024-000701,2024-12-28T15:00:00+00,SOLICITADA,ARREPENDIMENTO,
4702,DEV-2024-000702,2024-01-17T15:00:00+00,SOLICITADA,AVARIA,
4703,DEV-2024-000703,2024-03-05T15:00:00+00,SOLICITADA,ITEM_INCORRETO,
4704,DEV-2024-000704,2024-03-23T15:00:00+00,SOLICITADA,ATRASO,
4705,DEV-2024-000705,2024-04-12T15:00:00+00,SOLICITADA,OUTRO,
4706,DEV-2024-000706,2024-05-29T15:00:00+00,SOLICITADA,ARREPENDIMENTO,
4707,DEV-2024-000707,2024-06-18T15:00:00+00,SOLICITADA,AVARIA,
4708,DEV-2024-000708,2024-08-04T15:00:00+00,SOLICITADA,ITEM_INCORRETO,
4709,DEV-2024-000709,2024-08-24T15:00:00+00,SOLICITADA,ATRASO,
4710,DEV-2024-000710,2024-09-13T15:00:00+00,SOLICITADA,OUTRO,
4711,DEV-2024-000711,2024-10-30T15:00:00+00,SOLICITADA,ARREPENDIMENTO,
4712,DEV-2024-000712,2024-11-19T15:00:00+00,SOLICITADA,AVARIA,
4713,DEV-2024-000713,2024-12-06T15:00:00+00,SOLICITADA,ITEM_INCORRETO,
4714,DEV-2024-000714,2024-12-25T15:00:00+00,SOLICITADA,ATRASO,
4715,DEV-2024-000715,2024-01-14T15:00:00+00,SOLICITADA,OUTRO,
4716,DEV-2024-000716,2024-03-02T15:00:00+00,SOLICITADA,ARREPENDIMENTO,
4717,DEV-2024-000717,2024-03-20T15:00:00+00,SOLICITADA,AVARIA,
4718,DEV-2024-000718,2024-05-07T15:00:00+00,SOLICITADA,ITEM_INCORRETO,
4719,DEV-2024-000719,2024-05-26T15:00:00+00,SOLICITADA,ATRASO,
4720,DEV-2024-000720,2024-06-15T15:00:00+00,SOLICITADA,OUTRO,
